Date,ATA,ATA4,FC,MEPN,EC,Station,Campus,RS,CURR_ALLOC,QOH,QIT,OQAS,IQAS,QUB,QRI,Campus_Rec_Alloc,Campus_Alloc,Campus_QOH,Campus_QIT,Campus_OQAS,Campus_IQAS,Campus_QUB,Campus_QRI,Bin_Balance,Empty_Bin,RS_Campus,RS_Rec_Alloc,RS_Alloc,RS_QOH,RS_QIT,RS_OQAS,RS_IQAS,RS_QUB,RS_QRI,SO_MEPN,SO_Date,ORDER_STATUS_IND,SO_Qty,Fill_Station,FS_Campus,FS_Rec_Alloc,FS_Alloc,FS_QOH,FS_QIT,FS_IQAS,FS_OQAS,FS_QUB,FS_QRI,Campus_SO_Qty,Action,Aged_SO,Mgr_Name,Planner_Name
3/12/2019,24,2422,17,17-2422-9-0001,1,MOR,IAH,ORJ,1,0,0,0,0,0,0,1,1,0,0,0,0,0,0,Under,Yes,ORD,1,1,0,0,0,0,0,0,17-2422-9-0001,3/9/2019,O,1,ORJ,ORD,1,1,0,0,0,0,0,0,1,NULL,No,Matthew Papes,Cindy Ortega
3/12/2019,24,2422,17,17-2422-9-0001,1,ORD,ORD,ORJ,1,0,0,0,0,0,0,1,1,0,0,0,0,0,0,Under,Yes,ORD,1,1,0,0,0,0,0,0,17-2422-9-0001,2/12/2019,O,1,ORJ,ORD,1,1,0,0,0,0,0,0,1,NULL,No,Matthew Papes,Cindy Ortega
3/12/2019,34,3423,17,17-3423-9-9001,1,ORD,ORD,ORJ,1,0,0,0,0,0,0,2,1,0,0,0,0,0,0,Under,Yes,ORD,1,1,0,0,0,0,0,0,17-3423-9-9001,2/18/2019,O,1,ORJ,ORD,2,1,0,0,0,0,0,0,1,NULL,No,Mark Decker,Ryan Thompson
3/12/2019,34,3423,17,17-3423-9-9001,1,SMB,SFO,ORJ,1,0,0,0,0,0,0,1,1,0,0,0,0,0,0,Under,Yes,ORD,1,1,0,0,0,0,0,0,17-3423-9-9001,2/3/2019,O,1,ORJ,ORD,2,1,0,0,0,0,0,0,1,NULL,Yes,Mark Decker,Ryan Thompson
3/12/2019,34,3441,17,17-3441-9-0001,2,SMB,SFO,ORJ,1,0,0,0,0,0,0,2,1,0,0,0,0,0,0,Under,Yes,ORD,11,1,1,0,0,0,0,0,17-3441-9-0001,3/3/2019,O,1,ORJ,ORD,12,1,1,0,0,0,0,0,1,NULL,No,Mark Decker,Ryan Thompson
3/12/2019,34,3443,17,17-3443-9-0003,0,SMB,SFO,JJR,1,0,0,0,0,0,0,2,1,0,0,0,0,0,0,Under,Yes,SFO,1,1,0,0,0,0,0,0,17-3443-9-0003,10/27/2018,O,1,JJR,SFO,2,1,0,0,0,0,0,0,1,NULL,Yes,Mark Decker,Ryan Thompson
3/12/2019,38,3831,17,17-3831-9-9001,1,DEN,DEN,ORJ,1,0,0,0,0,0,0,0,1,0,0,0,0,0,0,Under,Yes,ORD,3,1,0,0,0,0,0,0,17-3831-9-9001,1/8/2019,O,1,ORJ,ORD,4,1,0,0,0,0,0,0,1,NULL,Yes,Matthew Papes,Cindy Ortega
3/12/2019,38,3831,17,17-3831-9-9001,1,EWR,EWR,ORJ,1,0,0,0,0,0,0,0,1,0,0,0,0,0,0,Under,Yes,ORD,3,1,0,0,0,0,0,0,17-3831-9-9001,2/24/2019,O,1,ORJ,ORD,4,1,0,0,0,0,0,0,1,NULL,No,Matthew Papes,Cindy Ortega
3/12/2019,38,3831,17,17-3831-9-9001,1,ORD,ORD,ORJ,1,0,0,0,0,0,0,4,1,0,0,0,0,0,0,Under,Yes,ORD,3,1,0,0,0,0,0,0,17-3831-9-9001,3/3/2019,O,1,ORJ,ORD,4,1,0,0,0,0,0,0,1,NULL,No,Matthew Papes,Cindy Ortega
3/12/2019,38,3831,17,17-3831-9-9001,1,SMB,SFO,ORJ,1,0,0,0,0,0,0,1,1,0,0,0,0,0,0,Under,Yes,ORD,3,1,0,0,0,0,0,0,17-3831-9-9001,1/13/2019,O,1,ORJ,ORD,4,1,0,0,0,0,0,0,1,NULL,Yes,Matthew Papes,Cindy Ortega
3/12/2019,41,4131,17,17-4131-9-0001,1,DEN,DEN,ORJ,1,0,0,0,0,0,0,1,1,0,0,0,0,0,0,Under,Yes,ORD,1,1,0,0,0,0,0,0,17-4131-9-0001,1/7/2019,O,1,ORJ,ORD,2,1,0,0,0,0,0,0,1,NULL,Yes,Robert Aten,Mahendra Shah
3/12/2019,41,4131,17,17-4131-9-0001,1,ORD,ORD,ORJ,1,0,0,0,0,0,0,2,1,0,0,0,0,0,0,Under,Yes,ORD,1,1,0,0,0,0,0,0,17-4131-9-0001,12/8/2018,O,1,ORJ,ORD,2,1,0,0,0,0,0,0,1,NULL,Yes,Robert Aten,Mahendra Shah
3/12/2019,52,5231,17,17-5231-9-9001,0,MOR,IAH,JJR,1,0,0,0,0,0,0,0,1,0,0,0,0,0,0,Under,Yes,SFO,0,0,0,0,0,0,0,0,17-5231-9-9001,5/27/2018,O,1,JJR,SFO,NULL,NULL,0,0,0,0,0,0,1,NULL,Yes,Mark Decker,Dee Johnson
3/12/2019,52,5231,17,17-5231-9-9001,0,ORT,ORD,JJR,1,0,0,0,0,0,0,2,1,0,0,0,0,0,0,Under,Yes,SFO,0,0,0,0,0,0,0,0,17-5231-9-9001,12/7/2018,O,1,JJR,SFO,NULL,NULL,0,0,0,0,0,0,1,NULL,Yes,Mark Decker,Dee Johnson
3/12/2019,21,2151,18,18-2151-9-9001,2,DEN,DEN,ORJ,1,0,0,0,0,0,0,0,1,0,0,0,0,0,0,Under,Yes,ORD,0,1,0,0,0,0,0,0,18-2151-9-9001,11/4/2018,P,1,IAD,IAD,0,0,0,0,0,0,0,0,1,Change FS,Yes,Mark Decker,Ivy Miller
3/12/2019,21,2151,18,18-2151-9-9001,2,EWR,EWR,ORJ,1,0,0,0,0,0,0,0,1,0,0,0,0,0,0,Under,Yes,ORD,0,1,0,0,0,0,0,0,18-2151-9-9001,1/15/2019,P,1,IAD,IAD,0,0,0,0,0,0,0,0,1,Change FS,Yes,Mark Decker,Ivy Miller
3/12/2019,21,2151,18,18-2151-9-9001,2,MOR,IAH,ORJ,1,0,0,0,0,0,0,0,1,0,0,0,0,0,0,Under,Yes,ORD,0,1,0,0,0,0,0,0,18-2151-9-9001,3/5/2019,O,1,ORJ,ORD,0,1,0,0,0,0,0,0,1,NULL,No,Mark Decker,Ivy Miller
3/12/2019,21,2151,18,18-2151-9-9001,2,ORT,ORD,ORT,1,0,0,0,0,0,0,0,1,0,0,0,0,0,0,Under,Yes,ORD,0,1,0,0,0,0,0,0,NULL,NULL,NULL,NULL,NULL,NULL,0,0,0,0,0,0,0,0,0,Create SO,N/A,Mark Decker,Ivy Miller
3/12/2019,21,2151,18,18-2151-9-9001,2,SMB,SFO,ORJ,1,0,0,0,0,0,0,0,1,0,0,0,0,0,0,Under,Yes,ORD,0,1,0,0,0,0,0,0,18-2151-9-9001,3/7/2019,O,1,ORJ,ORD,0,1,0,0,0,0,0,0,1,NULL,No,Mark Decker,Ivy Miller
3/12/2019,25,2522,18,18-2522-9-0003,0,IAD,IAD,JJR,1,0,0,0,0,0,0,1,1,0,0,0,0,0,0,Under,Yes,SFO,1,1,0,0,0,0,0,0,18-2522-9-0003,3/6/2019,O,1,JJR,SFO,2,1,0,0,0,0,0,0,1,NULL,No,Janeece Best,Alex Tam
3/12/2019,25,2522,18,18-2522-9-0003,0,ORD,ORD,ORT,1,0,0,0,0,0,0,2,1,0,0,0,0,0,0,Under,Yes,ORD,2,1,0,0,0,0,0,0,18-2522-9-0003,2/18/2019,O,1,JJR,SFO,2,1,0,0,0,0,0,0,1,NULL,No,Janeece Best,Alex Tam
3/12/2019,25,2522,18,18-2522-9-0003,0,SMB,SFO,JJR,1,0,0,0,0,0,0,2,1,0,0,0,0,0,0,Under,Yes,SFO,1,1,0,0,0,0,0,0,18-2522-9-0003,3/6/2019,O,1,JJR,SFO,2,1,0,0,0,0,0,0,1,NULL,No,Janeece Best,Alex Tam
3/12/2019,27,2751,18,18-2751-9-0001,1,LCQ,LINE,JJR,1,0,0,0,0,0,0,0,0,0,0,0,0,0,0,Under,Yes,SFO,5,5,8,0,0,0,0,2,18-2751-9-0001,3/7/2019,O,1,MOR,IAH,0,1,3,0,0,0,0,0,0,NULL,No,Robert Aten,Mark Hawkins
3/12/2019,27,2792,18,18-2792-9-0001,0,MOR,IAH,ORJ,1,0,0,0,0,0,0,1,1,0,0,0,0,0,0,Under,Yes,ORD,1,0,0,0,0,0,0,0,18-2792-9-0001,2/27/2019,O,1,ORJ,ORD,1,NULL,0,0,0,0,0,0,1,NULL,No,Robert Aten,Mark Hawkins
3/12/2019,27,2792,18,18-2792-9-9003,1,LAT,LAX,JJR,1,0,0,0,0,0,0,0,1,0,0,0,0,0,0,Under,Yes,SFO,2,2,0,0,1,0,2,0,18-2792-9-9003,1/10/2019,O,1,JJR,SFO,4,2,0,0,0,1,2,0,1,Flip,Yes,Robert Aten,Mark Hawkins
3/12/2019,27,2792,18,18-2792-9-9003,1,SFO,SFO,JJR,1,0,0,0,0,0,0,4,2,0,0,1,0,2,0,Under,Yes,SFO,2,2,0,0,1,0,2,0,18-2792-9-9003,3/3/2019,O,1,JJR,SFO,4,2,0,0,0,1,2,0,2,Flip,No,Robert Aten,Mark Hawkins
3/12/2019,30,3071,18,18-3071-9-9004,2,ORT,ORD,ORJ,2,0,0,0,0,0,0,13,2,0,0,0,0,0,0,Under,Yes,ORD,12,2,0,0,0,0,0,0,18-3071-9-9004,3/10/2019,O,1,ORJ,ORD,13,2,0,0,0,0,0,0,2,NULL,No,Robert Aten,Karl Rathkamp
3/12/2019,30,3071,18,18-3071-9-9004,2,SMB,SFO,ORJ,2,0,0,0,0,0,0,2,2,0,0,0,0,0,0,Under,Yes,ORD,12,2,0,0,0,0,0,0,18-3071-9-9004,3/9/2019,O,1,ORJ,ORD,13,2,0,0,0,0,0,0,2,NULL,No,Robert Aten,Karl Rathkamp
3/12/2019,32,3211,18,18-3211-9-9001,0,IAD,IAD,JJR,1,0,0,0,0,0,0,1,1,0,0,0,0,0,0,Under,Yes,SFO,4,2,1,0,0,0,0,1,18-3211-9-9001,10/14/2018,O,1,JJR,SFO,6,2,1,0,0,0,0,1,1,NULL,Yes,Mark Decker,Nik Gilliam
3/12/2019,32,3211,18,18-3211-9-9002,0,SMB,SFO,JJR,1,0,0,0,0,0,0,7,1,0,0,0,0,0,0,Under,Yes,SFO,5,1,0,0,0,0,0,0,18-3211-9-9002,9/9/2018,O,1,JJR,SFO,7,1,0,0,0,0,0,0,1,Flip,Yes,Mark Decker,Nik Gilliam
3/12/2019,32,3211,18,18-3211-9-9008,0,ORD,ORD,JJR,1,0,0,0,0,0,0,2,1,0,0,0,0,0,0,Under,Yes,SFO,4,1,0,0,0,0,0,1,18-3211-9-9008,2/16/2019,O,1,JJR,SFO,6,1,0,0,0,0,0,1,1,NULL,No,Mark Decker,Nik Gilliam
3/12/2019,32,3231,18,18-3231-9-9004,1,ORT,ORD,JJR,1,0,0,0,0,0,0,2,1,0,0,0,0,0,0,Under,Yes,SFO,1,1,1,0,0,0,0,1,18-3231-9-9004,10/8/2018,O,1,JJR,SFO,1,1,1,0,0,0,0,1,1,NULL,Yes,Mark Decker,Nik Gilliam
3/12/2019,32,3244,18,18-3244-9-9001,1,DEN,DEN,ORJ,1,0,0,0,0,0,0,0,1,0,0,0,0,0,0,Under,Yes,ORD,0,1,1,0,0,0,0,0,18-3244-9-9001,2/12/2019,O,1,ORJ,ORD,0,1,1,0,0,0,0,0,1,NULL,No,Mark Decker,Nik Gilliam
3/12/2019,32,3251,18,18-3251-9-0001,2,DEN,DEN,ORJ,1,0,0,0,0,0,0,1,1,0,0,0,0,0,0,Under,Yes,ORD,4,0,0,0,0,0,0,0,18-3251-9-0001,2/18/2019,O,1,ORJ,ORD,5,NULL,0,0,0,0,0,0,1,NULL,No,Mark Decker,Nik Gilliam
3/12/2019,32,3251,18,18-3251-9-0001,2,EWR,EWR,ORJ,1,0,0,0,0,0,0,1,1,0,0,0,0,0,0,Under,Yes,ORD,4,0,0,0,0,0,0,0,18-3251-9-0001,3/1/2019,O,1,ORJ,ORD,5,NULL,0,0,0,0,0,0,1,NULL,No,Mark Decker,Nik Gilliam
3/12/2019,32,3251,18,18-3251-9-0001,2,SFO,SFO,ORJ,1,0,0,0,0,0,0,2,1,0,0,0,0,0,0,Under,Yes,ORD,4,0,0,0,0,0,0,0,18-3251-9-0001,12/14/2018,O,1,ORJ,ORD,5,NULL,0,0,0,0,0,0,1,NULL,Yes,Mark Decker,Nik Gilliam
3/12/2019,35,3513,18,18-3513-9-9001,1,IAD,IAD,JJR,1,0,0,0,0,0,0,1,1,0,0,0,0,0,0,Under,Yes,SFO,3,1,1,0,0,0,0,0,18-3513-9-9001,3/1/2019,O,1,JJR,SFO,5,1,1,0,0,0,0,0,1,NULL,No,Robert Aten,Robert Aten
3/12/2019,35,3513,18,18-3513-9-9001,1,MOR,IAH,JJR,1,0,0,0,0,0,0,1,1,0,0,0,0,0,0,Under,Yes,SFO,3,1,1,0,0,0,0,0,18-3513-9-9001,3/10/2019,O,1,JJR,SFO,5,1,1,0,0,0,0,0,1,NULL,No,Robert Aten,Robert Aten
3/12/2019,49,4923,18,18-4923-9-9001,2,DEN,DEN,JJR,1,0,0,0,0,0,0,1,1,0,0,0,0,0,0,Under,Yes,SFO,4,2,2,0,0,0,0,3,18-4923-9-9001,2/11/2019,O,1,EWR,EWR,1,1,2,0,0,0,0,0,1,NULL,No,Lance Longbein,Debbie Baker
3/12/2019,57,5731,18,18-5731-9-9001,0,ORD,ORD,JJR,1,0,0,0,0,0,0,1,1,0,0,0,0,0,0,Under,Yes,SFO,1,0,0,0,0,0,0,0,18-5731-9-9001,1/2/2019,O,1,JJR,SFO,1,NULL,0,0,0,0,0,0,1,NULL,Yes,Robert Aten,Charles Kerg
3/12/2019,32,3251,18,18-3251-9-0001,2,IAH,IAH,ORJ,1,0,0,0,0,0,0,1,1,0,0,0,0,0,0,Under,Yes,ORD,4,0,0,0,0,0,0,0,NULL,NULL,NULL,NULL,NULL,NULL,0,0,0,0,0,0,0,0,1,NULL,N/A,Mark Decker,Nik Gilliam
3/12/2019,21,2125,31,31-2125-9-9002,2,PDX,LINE,JJR,1,0,0,0,0,0,0,0,0,0,0,0,0,0,0,Under,Yes,SFO,3,1,2,0,0,0,0,0,31-2125-9-9002,3/8/2019,O,1,EWR,EWR,1,1,2,0,0,0,0,0,0,NULL,No,Mark Decker,Ivy Miller
3/12/2019,21,2125,31,31-2125-9-9003,2,DEN,DEN,JJR,1,0,0,0,0,0,0,1,1,0,0,0,0,0,0,Under,Yes,SFO,1,1,0,0,0,0,0,0,31-2125-9-9003,11/4/2018,O,1,JJR,SFO,2,1,0,0,0,0,0,0,1,NULL,Yes,Mark Decker,Ivy Miller
3/12/2019,21,2126,31,31-2126-9-9003,2,IAH,IAH,JJR,1,0,0,0,0,0,0,1,1,0,0,0,0,0,0,Under,Yes,SFO,1,0,0,0,0,0,0,0,NULL,NULL,NULL,NULL,NULL,NULL,0,0,0,0,0,0,0,0,1,NULL,N/A,Mark Decker,Ivy Miller
3/12/2019,21,2152,31,31-2152-9-9004,2,SFD,SFO,JJR,2,0,0,0,0,0,0,9,4,0,0,0,0,0,0,Under,Yes,SFO,7,4,0,0,0,0,0,0,NULL,NULL,NULL,NULL,NULL,NULL,0,0,0,0,0,0,0,0,2,NULL,N/A,Mark Decker,Ivy Miller
3/12/2019,21,2125,31,31-2125-9-9003,2,EWR,EWR,JJR,1,0,0,0,0,0,0,0,1,0,0,0,0,0,0,Under,Yes,SFO,1,1,0,0,0,0,0,0,31-2125-9-9003,1/20/2019,O,1,JJR,SFO,2,1,0,0,0,0,0,0,1,NULL,Yes,Mark Decker,Ivy Miller
3/12/2019,21,2125,31,31-2125-9-9003,2,ORT,ORD,JJR,1,0,0,0,0,0,0,1,1,0,0,0,0,0,0,Under,Yes,SFO,1,1,0,0,0,0,0,0,31-2125-9-9003,6/27/2018,O,1,JJR,SFO,2,1,0,0,0,0,0,0,1,NULL,Yes,Mark Decker,Ivy Miller
3/12/2019,21,2125,31,31-2125-9-9003,2,SMB,SFO,JJR,1,0,0,0,0,0,0,2,1,0,0,0,0,0,0,Under,Yes,SFO,1,1,0,0,0,0,0,0,31-2125-9-9003,2/27/2019,O,1,JJR,SFO,2,1,0,0,0,0,0,0,1,NULL,No,Mark Decker,Ivy Miller
3/12/2019,21,2126,31,31-2126-9-9001,2,MOR,IAH,ORJ,1,0,0,0,0,0,0,1,1,0,0,0,0,0,0,Under,Yes,ORD,6,1,2,0,0,0,0,0,31-2126-9-9001,3/10/2019,O,1,ORT,ORD,0,1,2,0,0,0,0,0,1,NULL,No,Mark Decker,Ivy Miller
3/12/2019,21,2126,31,31-2126-9-9002,2,SFO,SFO,ORJ,1,0,0,0,0,0,0,2,1,0,0,0,0,0,0,Under,Yes,ORD,2,0,0,0,0,0,0,0,31-2126-9-9002,12/1/2018,O,1,ORJ,ORD,3,NULL,0,0,0,0,0,0,1,NULL,Yes,Mark Decker,Ivy Miller
3/12/2019,21,2126,31,31-2126-9-9003,2,EWR,EWR,JJR,1,0,0,0,0,0,0,0,1,0,0,0,0,0,0,Under,Yes,SFO,1,0,0,0,0,0,0,0,31-2126-9-9003,2/6/2019,O,1,JJR,SFO,2,NULL,0,0,0,0,0,0,1,NULL,Yes,Mark Decker,Ivy Miller
3/12/2019,21,2126,31,31-2126-9-9004,2,MEX,LINE,JJR,1,0,0,0,0,0,0,0,0,0,0,0,0,0,0,Under,Yes,SFO,15,4,7,0,1,0,0,1,31-2126-9-9004,3/10/2019,O,1,SMB,SFO,1,2,5,0,0,1,0,1,0,NULL,No,Mark Decker,Ivy Miller
3/12/2019,21,2130,31,31-2130-9-0001,2,MEX,LINE,JJR,1,0,0,0,0,0,0,0,0,0,0,0,0,0,0,Under,Yes,SFO,8,2,1,0,1,0,0,0,NULL,NULL,NULL,NULL,NULL,NULL,0,0,0,0,0,0,0,0,0,Create SO,N/A,Mark Decker,Ivy Miller
3/12/2019,21,2131,31,31-2131-9-0001,1,SMB,SFO,ORJ,2,0,0,0,0,0,0,2,2,1,0,0,0,0,0,Under,Yes,ORD,25,2,2,0,0,0,0,0,31-2131-9-0001,2/19/2019,O,1,IAH,IAH,1,1,3,0,0,0,0,0,1,NULL,No,Mark Decker,Ivy Miller
3/12/2019,21,2142,31,31-2142-9-9001,2,PDX,LINE,ORJ,1,0,0,0,0,0,0,0,0,0,0,0,0,0,0,Under,Yes,ORD,12,1,1,0,0,0,0,0,NULL,NULL,NULL,NULL,NULL,NULL,0,0,0,0,0,0,0,0,0,Create SO,N/A,Mark Decker,Ivy Miller
3/12/2019,21,2143,31,31-2143-9-9001,2,IAD,IAD,ORJ,1,0,0,0,0,0,0,1,1,0,0,0,0,0,0,Under,Yes,ORD,6,1,1,0,0,0,0,0,31-2143-9-9001,3/5/2019,O,1,ORJ,ORD,7,1,1,0,0,0,0,0,1,NULL,No,Mark Decker,Ivy Miller
3/12/2019,21,2143,31,31-2143-9-9001,2,LAT,LAX,ORJ,1,0,0,0,0,0,0,0,1,0,0,0,0,0,0,Under,Yes,ORD,6,1,1,0,0,0,0,0,31-2143-9-9001,1/25/2019,O,1,ORJ,ORD,7,1,1,0,0,0,0,0,1,NULL,Yes,Mark Decker,Ivy Miller
3/12/2019,21,2143,31,31-2143-9-9001,2,MEX,LINE,ORJ,1,0,0,0,0,0,0,0,0,0,0,0,0,0,0,Under,Yes,ORD,6,1,1,0,0,0,0,0,31-2143-9-9001,1/31/2019,O,1,ORJ,ORD,7,1,1,0,0,0,0,0,0,NULL,Yes,Mark Decker,Ivy Miller
3/12/2019,21,2143,31,31-2143-9-9001,2,MOR,IAH,ORJ,1,0,0,0,0,0,0,1,1,0,0,0,0,0,0,Under,Yes,ORD,6,1,1,0,0,0,0,0,31-2143-9-9001,2/11/2019,O,1,ORJ,ORD,7,1,1,0,0,0,0,0,1,NULL,No,Mark Decker,Ivy Miller
3/12/2019,21,2143,31,31-2143-9-9001,2,PDX,LINE,ORJ,1,0,0,0,0,0,0,0,0,0,0,0,0,0,0,Under,Yes,ORD,6,1,1,0,0,0,0,0,NULL,NULL,NULL,NULL,NULL,NULL,0,0,0,0,0,0,0,0,0,Create SO,N/A,Mark Decker,Ivy Miller
3/12/2019,21,2152,31,31-2152-9-9001,1,LAX,LAX,JJR,1,0,0,0,0,0,0,0,1,0,0,0,0,0,0,Under,Yes,SFO,5,3,1,0,0,0,0,0,31-2152-9-9001,12/7/2018,O,1,JJR,SFO,6,3,1,0,0,0,0,0,1,Flip,Yes,Mark Decker,Ivy Miller
3/12/2019,21,2152,31,31-2152-9-9001,1,MOR,IAH,JJR,2,0,0,0,0,0,0,0,2,0,0,0,0,0,0,Under,Yes,SFO,5,3,1,0,0,0,0,0,31-2152-9-9001,1/8/2019,O,1,JJR,SFO,6,3,1,0,0,0,0,0,2,Flip,Yes,Mark Decker,Ivy Miller
3/12/2019,21,2152,31,31-2152-9-9001,1,ORD,ORD,JJR,2,0,0,0,0,0,0,4,2,0,0,0,0,0,0,Under,Yes,SFO,5,3,1,0,0,0,0,0,31-2152-9-9001,3/3/2019,O,1,JJR,SFO,6,3,1,0,0,0,0,0,2,Flip,No,Mark Decker,Ivy Miller
3/12/2019,21,2152,31,31-2152-9-9001,1,SFD,SFO,JJR,2,0,0,0,0,0,0,6,3,1,0,0,0,0,0,Under,Yes,SFO,5,3,1,0,0,0,0,0,NULL,NULL,NULL,NULL,NULL,NULL,0,0,0,0,0,0,0,0,0,Create SO,N/A,Mark Decker,Ivy Miller
3/12/2019,21,2152,31,31-2152-9-9003,2,DEN,DEN,JJR,1,0,0,0,0,0,0,1,1,0,0,0,0,0,0,Under,Yes,SFO,10,1,0,0,0,0,0,0,31-2152-9-9003,12/4/2018,O,1,JJR,SFO,12,1,0,0,0,0,0,0,1,Flip,Yes,Mark Decker,Ivy Miller
3/12/2019,21,2152,31,31-2152-9-9003,2,IAH,IAH,JJR,1,0,0,0,0,0,0,1,1,0,0,0,0,0,0,Under,Yes,SFO,10,1,0,0,0,0,0,0,31-2152-9-9003,3/9/2019,O,1,JJR,SFO,12,1,0,0,0,0,0,0,1,Flip,No,Mark Decker,Ivy Miller
3/12/2019,21,2152,31,31-2152-9-9003,2,ORD,ORD,JJR,1,0,0,0,0,0,0,4,1,0,0,0,0,0,0,Under,Yes,SFO,10,1,0,0,0,0,0,0,NULL,NULL,NULL,NULL,NULL,NULL,0,0,0,0,0,0,0,0,0,Create SO,N/A,Mark Decker,Ivy Miller
3/12/2019,21,2152,31,31-2152-9-9003,2,SMB,SFO,SMB,1,0,0,0,0,0,0,12,1,0,0,0,0,0,0,Under,Yes,SFO,1,1,0,0,0,0,0,0,31-2152-9-9003,3/10/2019,O,1,JJR,SFO,12,1,0,0,0,0,0,0,1,Flip,No,Mark Decker,Ivy Miller
3/12/2019,21,2152,31,31-2152-9-9004,2,MOR,IAH,JJR,1,0,0,0,0,0,0,1,1,0,0,0,0,0,0,Under,Yes,SFO,7,4,0,0,0,0,0,0,31-2152-9-9004,2/5/2019,O,1,JJR,SFO,9,4,0,0,0,0,0,0,1,Flip,Yes,Mark Decker,Ivy Miller
3/12/2019,21,2152,31,31-2152-9-9004,2,ORT,ORD,JJR,1,0,0,0,0,0,0,4,1,0,0,0,0,0,0,Under,Yes,SFO,7,4,0,0,0,0,0,0,31-2152-9-9004,1/11/2019,O,1,JJR,SFO,9,4,0,0,0,0,0,0,1,Flip,Yes,Mark Decker,Ivy Miller
3/12/2019,21,2152,31,31-2152-9-9004,2,SMB,SFO,SMB,2,0,0,0,0,0,0,9,4,0,0,0,0,0,0,Under,Yes,SFO,1,2,0,0,0,0,0,0,31-2152-9-9004,3/10/2019,O,1,JJR,SFO,9,4,0,0,0,0,0,0,2,Flip,No,Mark Decker,Ivy Miller
3/12/2019,21,2153,31,31-2153-9-9001,1,ORT,ORD,ORJ,1,0,0,0,0,0,0,1,1,0,0,0,0,0,0,Under,Yes,ORD,1,1,0,0,0,0,0,0,31-2153-9-9001,10/22/2018,O,1,ORJ,ORD,1,1,0,0,0,0,0,0,1,NULL,Yes,Mark Decker,Ivy Miller
3/12/2019,21,2161,31,31-2161-9-0001,2,IAD,IAD,ORJ,1,0,0,0,0,0,0,1,1,0,0,0,0,0,0,Under,Yes,ORD,5,2,2,0,0,0,0,0,31-2161-9-0001,3/9/2019,O,1,ORJ,ORD,6,2,2,0,0,0,0,0,1,NULL,No,Mark Decker,Ivy Miller
3/12/2019,21,2161,31,31-2161-9-0001,2,SMB,SFO,ORJ,1,0,0,0,0,0,0,2,1,0,0,0,0,0,0,Under,Yes,ORD,5,2,2,0,0,0,0,0,31-2161-9-0001,3/2/2019,O,1,ORJ,ORD,6,2,2,0,0,0,0,0,1,NULL,No,Mark Decker,Ivy Miller
3/12/2019,21,2161,31,31-2161-9-9002,2,DEN,DEN,ORJ,2,0,0,0,0,0,0,1,2,0,0,0,0,0,0,Under,Yes,ORD,6,1,0,0,0,0,0,0,31-2161-9-9002,3/10/2019,O,1,ORJ,ORD,7,1,0,0,0,0,0,0,2,NULL,No,Mark Decker,Ivy Miller
3/12/2019,21,2161,31,31-2161-9-9002,2,LAT,LAX,ORJ,1,0,0,0,0,0,0,1,1,0,0,0,0,0,0,Under,Yes,ORD,6,1,0,0,0,0,0,0,31-2161-9-9002,3/6/2019,O,1,ORJ,ORD,7,1,0,0,0,0,0,0,1,NULL,No,Mark Decker,Ivy Miller
3/12/2019,21,2161,31,31-2161-9-9002,2,MOR,IAH,ORJ,1,0,0,0,0,0,0,1,1,0,0,0,0,0,0,Under,Yes,ORD,6,1,0,0,0,0,0,0,31-2161-9-9002,2/26/2019,O,1,ORJ,ORD,7,1,0,0,0,0,0,0,1,NULL,No,Mark Decker,Ivy Miller
3/12/2019,21,2161,31,31-2161-9-9002,2,ORT,ORD,ORJ,1,0,0,0,0,0,0,7,1,0,0,0,0,0,0,Under,Yes,ORD,6,1,0,0,0,0,0,0,31-2161-9-9002,3/8/2019,O,1,ORJ,ORD,7,1,0,0,0,0,0,0,1,NULL,No,Mark Decker,Ivy Miller
3/12/2019,21,2161,31,31-2161-9-9002,2,SFO,SFO,ORJ,1,0,0,0,0,0,0,2,1,0,0,0,0,0,0,Under,Yes,ORD,6,1,0,0,0,0,0,0,31-2161-9-9002,3/4/2019,O,1,ORJ,ORD,7,1,0,0,0,0,0,0,1,NULL,No,Mark Decker,Ivy Miller
3/12/2019,21,2161,31,31-2161-9-9003,2,DEN,DEN,ORJ,1,0,0,0,0,0,0,1,1,0,0,0,0,0,0,Under,Yes,ORD,11,0,2,0,1,0,0,1,31-2161-9-9003,3/11/2019,O,1,ORJ,ORD,12,1,3,0,0,1,0,1,1,Flip,No,Mark Decker,Ivy Miller
3/12/2019,21,2162,31,31-2162-9-0001,2,DEN,DEN,JJR,1,0,0,0,0,0,0,1,1,0,0,0,0,0,0,Under,Yes,SFO,10,2,4,0,0,0,0,0,31-2162-9-0001,3/9/2019,O,1,SMB,SFO,1,2,4,0,0,0,0,0,1,NULL,No,Mark Decker,Ivy Miller
3/12/2019,21,2162,31,31-2162-9-0002,2,DEN,DEN,JJR,1,0,0,0,0,0,0,1,1,0,0,0,0,0,0,Under,Yes,SFO,6,0,0,1,0,0,0,0,31-2162-9-0002,3/9/2019,O,1,JJR,SFO,8,1,0,1,0,0,0,0,1,Flip,No,Mark Decker,Ivy Miller
3/12/2019,21,2162,31,31-2162-9-0002,2,PDX,LINE,JJR,1,0,0,0,0,0,0,0,0,0,0,0,0,0,0,Under,Yes,SFO,6,0,0,1,0,0,0,0,31-2162-9-0002,3/3/2019,O,1,SEA,NULL,1,0,1,0,0,0,0,0,0,NULL,No,Mark Decker,Ivy Miller
3/12/2019,21,2162,31,31-2162-9-0002,2,SFO,SFO,JJR,1,0,0,0,0,0,0,8,1,0,1,0,0,0,0,Under,Yes,SFO,6,0,0,1,0,0,0,0,NULL,NULL,NULL,NULL,NULL,NULL,0,0,0,0,0,0,0,0,0,Create SO,N/A,Mark Decker,Ivy Miller
3/12/2019,21,2162,31,31-2162-9-0003,2,PDX,LINE,JJR,1,0,0,0,0,0,0,0,0,0,0,0,0,0,0,Under,Yes,SFO,5,2,1,0,0,0,1,0,31-2162-9-0003,3/9/2019,O,1,JJR,SFO,6,2,1,0,0,0,1,0,0,NULL,No,Mark Decker,Ivy Miller
3/12/2019,21,2163,31,31-2163-9-0001,2,MOR,IAH,JJR,2,0,0,0,0,0,0,2,2,0,0,0,0,0,0,Under,Yes,SFO,6,0,0,1,0,0,0,1,31-2163-9-0001,2/28/2019,O,2,JJR,SFO,8,3,1,1,0,0,0,1,2,NULL,No,Mark Decker,Ivy Miller
3/12/2019,21,2163,31,31-2163-9-0001,2,ORT,ORD,JJR,2,0,0,0,0,0,0,4,2,0,0,0,0,0,0,Under,Yes,SFO,6,0,0,1,0,0,0,1,31-2163-9-0001,2/25/2019,O,2,JJR,SFO,8,3,1,1,0,0,0,1,2,NULL,No,Mark Decker,Ivy Miller
3/12/2019,21,2163,31,31-2163-9-0001,2,PDX,LINE,JJR,1,0,0,0,0,0,0,0,0,0,0,0,0,0,0,Under,Yes,SFO,6,0,0,1,0,0,0,1,NULL,NULL,NULL,NULL,NULL,NULL,0,0,0,0,0,0,0,0,0,Create SO,N/A,Mark Decker,Ivy Miller
3/12/2019,21,2163,31,31-2163-9-0001,2,SFD,SFO,JJR,1,0,0,0,0,0,0,8,3,1,1,0,0,0,1,Under,Yes,SFO,6,0,0,1,0,0,0,1,31-2163-9-0001,2/27/2019,O,1,JJR,SFO,8,3,1,1,0,0,0,1,2,NULL,No,Mark Decker,Ivy Miller
3/12/2019,22,2210,31,31-2210-9-0001,1,MEX,LINE,JJR,1,0,0,0,0,0,0,0,0,0,0,0,0,0,0,Under,Yes,SFO,12,2,2,0,1,0,0,1,31-2210-9-0001,3/5/2019,O,1,JJR,SFO,14,2,2,0,0,1,0,1,0,NULL,No,Matthew Papes,Aaron Paul
3/12/2019,22,2266,31,31-2266-9-0001,0,EWR,EWR,JJR,1,0,0,0,0,0,0,1,1,0,0,0,0,0,0,Under,Yes,SFO,3,1,0,1,0,0,0,0,31-2266-9-0001,3/2/2019,O,1,JJR,SFO,5,1,0,1,0,0,0,0,1,Flip,No,Matthew Papes,Aaron Paul
3/12/2019,22,2266,31,31-2266-9-0001,0,ORD,ORD,JJR,1,0,0,0,0,0,0,3,1,0,0,0,0,0,0,Under,Yes,SFO,3,1,0,1,0,0,0,0,31-2266-9-0001,3/9/2019,O,1,JJR,SFO,5,1,0,1,0,0,0,0,1,Flip,No,Matthew Papes,Aaron Paul
3/12/2019,22,2266,31,31-2266-9-0001,0,SEA,LINE,JJR,1,0,0,0,0,0,0,0,0,0,0,0,0,0,0,Under,Yes,SFO,3,1,0,1,0,0,0,0,31-2266-9-0001,1/16/2019,O,1,JJR,SFO,5,1,0,1,0,0,0,0,0,Flip,Yes,Matthew Papes,Aaron Paul
3/12/2019,22,2266,31,31-2266-9-0002,0,SMB,SFO,SMB,1,0,0,1,0,0,0,7,1,0,0,1,0,0,0,Under,Yes,SFO,1,1,0,0,1,0,0,0,31-2266-9-0002,3/9/2019,O,1,JJR,SFO,7,1,0,0,0,1,0,0,1,NULL,No,Matthew Papes,Aaron Paul
3/12/2019,22,2282,31,31-2282-9-0001,0,DEN,DEN,JJR,1,0,0,0,0,0,0,1,1,0,0,0,0,0,0,Under,Yes,SFO,9,2,0,1,0,0,0,0,31-2282-9-0001,3/9/2019,O,1,IAH,IAH,1,1,2,0,0,0,0,0,1,NULL,No,Matthew Papes,Aaron Paul
3/12/2019,22,2282,31,31-2282-9-0001,0,SMB,SFO,SMB,1,0,0,0,0,0,0,11,2,0,1,0,0,0,0,Under,Yes,SFO,1,1,0,0,0,0,0,0,31-2282-9-0001,3/10/2019,O,1,JJR,SFO,11,2,0,1,0,0,0,0,1,Flip,No,Matthew Papes,Aaron Paul
3/12/2019,22,2283,31,31-2283-9-0002,0,IAD,IAD,JJR,1,0,0,0,0,0,0,1,1,0,0,0,0,0,0,Under,Yes,SFO,11,1,0,0,3,0,0,0,31-2283-9-0002,3/9/2019,O,1,JJR,SFO,13,1,0,0,0,3,0,0,1,NULL,No,Matthew Papes,Aaron Paul
3/12/2019,22,2283,31,31-2283-9-0002,0,SMB,SFO,SMB,1,0,0,3,0,0,0,13,1,0,0,3,0,0,0,Under,Yes,SFO,1,1,0,0,3,0,0,0,31-2283-9-0002,3/8/2019,O,1,JJR,SFO,13,1,0,0,0,3,0,0,1,NULL,No,Matthew Papes,Aaron Paul
3/12/2019,23,2300,31,31-2300-9-0002,1,DFW,LINE,ORJ,1,0,0,0,0,0,0,0,0,0,0,0,0,0,0,Under,Yes,ORD,13,1,1,0,0,0,0,0,31-2300-9-0002,3/10/2019,O,1,IAD,IAD,1,1,2,0,0,0,0,0,0,NULL,No,Matthew Papes,Kim Williams
3/12/2019,23,2314,31,31-2314-9-0001,1,LGA,LINE,JJR,1,0,0,0,0,0,0,0,0,0,0,0,0,0,0,Under,Yes,SFO,21,2,1,0,2,0,0,0,31-2314-9-0001,3/5/2019,O,1,JJR,SFO,23,2,1,0,0,2,0,0,0,Flip,No,Matthew Papes,Kim Williams
3/12/2019,23,2314,31,31-2314-9-0001,1,MEX,LINE,JJR,1,0,0,0,0,0,0,0,0,0,0,0,0,0,0,Under,Yes,SFO,21,2,1,0,2,0,0,0,31-2314-9-0001,2/19/2019,O,1,JJR,SFO,23,2,1,0,0,2,0,0,0,Flip,No,Matthew Papes,Kim Williams
3/12/2019,23,2314,31,31-2314-9-0001,1,SMB,SFO,SMB,1,0,0,2,0,0,0,23,2,1,0,2,0,0,0,Under,Yes,SFO,1,1,0,0,2,0,0,0,NULL,NULL,NULL,NULL,NULL,NULL,0,0,0,0,0,0,0,0,0,Create SO,N/A,Matthew Papes,Kim Williams
3/12/2019,23,2316,31,31-2316-9-0001,1,DEN,DEN,JJR,1,0,0,0,0,0,0,1,1,0,0,0,0,0,0,Under,Yes,SFO,1,1,0,0,0,0,0,0,31-2316-9-0001,10/19/2018,O,1,JJR,SFO,2,1,0,0,0,0,0,0,1,NULL,Yes,Matthew Papes,Kim Williams
3/12/2019,23,2316,31,31-2316-9-0001,1,ORT,ORD,JJR,1,0,0,0,0,0,0,1,1,0,0,0,0,0,0,Under,Yes,SFO,1,1,0,0,0,0,0,0,31-2316-9-0001,1/9/2019,O,1,JJR,SFO,2,1,0,0,0,0,0,0,1,NULL,Yes,Matthew Papes,Kim Williams
3/12/2019,23,2316,31,31-2316-9-0001,1,SMB,SFO,JJR,1,0,0,0,0,0,0,2,1,0,0,0,0,0,0,Under,Yes,SFO,1,1,0,0,0,0,0,0,31-2316-9-0001,2/9/2019,O,1,JJR,SFO,2,1,0,0,0,0,0,0,1,NULL,Yes,Matthew Papes,Kim Williams
3/12/2019,23,2328,31,31-2328-9-0002,1,IAD,IAD,ORJ,1,0,0,0,0,0,0,1,1,0,0,0,0,0,0,Under,Yes,ORD,5,2,0,0,0,0,0,0,31-2328-9-0002,3/4/2019,O,1,ORJ,ORD,6,2,0,0,0,0,0,0,1,NULL,No,Matthew Papes,Kim Williams
3/12/2019,23,2328,31,31-2328-9-0002,1,IAH,IAH,ORJ,2,0,0,0,0,0,0,1,2,0,0,0,0,0,0,Under,Yes,ORD,5,2,0,0,0,0,0,0,31-2328-9-0002,3/5/2019,O,1,ORJ,ORD,6,2,0,0,0,0,0,0,2,NULL,No,Matthew Papes,Kim Williams
3/12/2019,23,2328,31,31-2328-9-0002,1,ORT,ORD,ORJ,2,0,0,0,0,0,0,6,2,0,0,0,0,0,0,Under,Yes,ORD,5,2,0,0,0,0,0,0,31-2328-9-0002,3/8/2019,O,1,ORJ,ORD,6,2,0,0,0,0,0,0,2,NULL,No,Matthew Papes,Kim Williams
3/12/2019,23,2337,31,31-2337-9-9001,0,LAT,LAX,JJR,1,0,0,0,0,0,0,0,1,0,0,0,0,0,0,Under,Yes,SFO,0,2,4,0,0,0,0,0,31-2337-9-9001,3/7/2019,O,1,SMB,SFO,0,1,3,0,0,0,0,0,1,NULL,No,Matthew Papes,Kim Williams
3/12/2019,23,2391,31,31-2391-9-0001,1,SMB,SFO,ORJ,1,0,0,0,0,0,0,2,1,0,0,0,0,0,0,Under,Yes,ORD,4,1,1,0,0,0,0,0,31-2391-9-0001,2/23/2019,O,1,ORJ,ORD,5,1,1,0,0,0,0,0,1,NULL,No,Matthew Papes,Kim Williams
3/12/2019,24,2411,31,31-2411-9-0001,1,DEN,DEN,HDW,1,0,0,0,0,0,0,1,1,0,0,0,0,0,0,Under,Yes,IAH,7,1,0,0,0,0,0,0,NULL,NULL,NULL,NULL,NULL,NULL,0,0,0,0,0,0,0,0,0,Create SO,N/A,Matthew Papes,Cindy Ortega
3/12/2019,24,2411,31,31-2411-9-0001,1,EWR,EWR,HDW,1,0,0,0,0,0,0,1,1,0,0,0,0,0,0,Under,Yes,IAH,7,1,0,0,0,0,0,0,NULL,NULL,NULL,NULL,NULL,NULL,0,0,0,0,0,0,0,0,0,Create SO,N/A,Matthew Papes,Cindy Ortega
3/12/2019,24,2411,31,31-2411-9-0001,1,IAD,IAD,HDW,1,0,0,0,0,0,0,1,1,0,0,0,0,0,0,Under,Yes,IAH,7,1,0,0,0,0,0,0,31-2411-9-0001,1/6/2019,O,1,SMB,SFO,1,1,2,0,0,0,0,0,1,NULL,Yes,Matthew Papes,Cindy Ortega
3/12/2019,24,2411,31,31-2411-9-0001,1,LAX,LAX,HDW,1,0,0,0,0,0,0,1,1,0,0,0,0,0,0,Under,Yes,IAH,7,1,0,0,0,0,0,0,31-2411-9-0001,3/7/2019,O,1,HDW,IAH,8,1,0,0,0,0,0,0,1,Flip,No,Matthew Papes,Cindy Ortega
3/12/2019,24,2411,31,31-2411-9-0001,1,MOR,IAH,HDW,1,0,0,0,0,0,0,8,1,0,0,0,0,0,0,Under,Yes,IAH,7,1,0,0,0,0,0,0,31-2411-9-0001,3/7/2019,O,1,SMB,SFO,1,1,2,0,0,0,0,0,1,NULL,No,Matthew Papes,Cindy Ortega
3/12/2019,24,2411,31,31-2411-9-0001,1,ORT,ORD,HDW,1,0,0,0,0,0,0,4,1,0,0,0,0,0,0,Under,Yes,IAH,7,1,0,0,0,0,0,0,31-2411-9-0001,2/28/2019,O,1,SMB,SFO,1,1,2,0,0,0,0,0,1,NULL,No,Matthew Papes,Cindy Ortega
3/12/2019,24,2413,31,31-2413-9-9001,1,CSG,LINE,JJR,1,0,0,0,0,0,0,0,0,0,0,0,0,0,0,Under,Yes,SFO,6,2,4,0,0,0,0,0,31-2413-9-9001,3/10/2019,O,1,SMB,SFO,1,2,4,0,0,0,0,0,0,NULL,No,Matthew Papes,Cindy Ortega
3/12/2019,24,2421,31,31-2421-9-0002,2,DEN,DEN,HDW,1,0,0,0,0,0,0,1,1,0,0,0,0,0,0,Under,Yes,IAH,6,1,0,0,0,0,0,0,31-2421-9-0002,2/24/2019,O,1,PDX,NULL,1,0,0,0,0,0,0,0,1,Change FS,No,Matthew Papes,Cindy Ortega
3/12/2019,24,2421,31,31-2421-9-0002,2,MOR,IAH,HDW,1,0,0,0,0,0,0,7,1,0,0,0,0,0,0,Under,Yes,IAH,6,1,0,0,0,0,0,0,31-2421-9-0002,3/4/2019,O,1,HDW,IAH,7,1,0,0,0,0,0,0,1,NULL,No,Matthew Papes,Cindy Ortega
3/12/2019,24,2421,31,31-2421-9-0002,2,ORT,ORD,HDW,1,0,0,0,0,0,0,2,1,0,0,0,0,0,0,Under,Yes,IAH,6,1,0,0,0,0,0,0,31-2421-9-0002,3/10/2019,O,1,HDW,IAH,7,1,0,0,0,0,0,0,1,NULL,No,Matthew Papes,Cindy Ortega
3/12/2019,24,2421,31,31-2421-9-0002,2,SFO,SFO,HDW,1,0,0,0,0,0,0,2,2,1,0,0,0,0,0,Under,Yes,IAH,6,1,0,0,0,0,0,0,31-2421-9-0002,1/20/2019,O,1,SMB,SFO,1,1,1,0,0,0,0,0,1,Check SO,Yes,Matthew Papes,Cindy Ortega
3/12/2019,24,2422,31,31-2422-9-0001,1,MOR,IAH,JJR,1,0,0,0,0,0,0,1,1,0,0,0,0,0,0,Under,Yes,SFO,2,1,1,0,0,0,0,0,31-2422-9-0001,2/28/2019,O,1,JJR,SFO,2,1,1,0,0,0,0,0,1,NULL,No,Matthew Papes,Cindy Ortega
3/12/2019,24,2422,31,31-2422-9-0002,1,DEN,DEN,JJR,2,0,0,0,0,0,0,1,2,0,0,0,0,0,0,Under,Yes,SFO,8,2,2,0,0,0,0,0,31-2422-9-0002,3/10/2019,O,1,JJR,SFO,10,2,2,0,0,0,0,0,2,NULL,No,Matthew Papes,Cindy Ortega
3/12/2019,24,2422,31,31-2422-9-0002,1,IAD,IAD,JJR,1,0,0,0,0,0,0,1,1,0,0,0,0,0,0,Under,Yes,SFO,8,2,2,0,0,0,0,0,31-2422-9-0002,3/8/2019,O,1,JJR,SFO,10,2,2,0,0,0,0,0,1,NULL,No,Matthew Papes,Cindy Ortega
3/12/2019,24,2422,31,31-2422-9-0002,1,LGA,LINE,JJR,1,0,0,0,0,0,0,0,0,0,0,0,0,0,0,Under,Yes,SFO,8,2,2,0,0,0,0,0,31-2422-9-0002,3/1/2019,O,1,JJR,SFO,10,2,2,0,0,0,0,0,0,NULL,No,Matthew Papes,Cindy Ortega
3/12/2019,24,2422,31,31-2422-9-0002,1,MOR,IAH,MOR,1,0,0,0,0,0,0,1,1,0,0,0,0,0,0,Under,Yes,IAH,0,1,0,0,0,0,0,0,31-2422-9-0002,3/10/2019,O,1,EWR,EWR,1,1,1,1,0,0,0,0,1,NULL,No,Matthew Papes,Cindy Ortega
3/12/2019,24,2422,31,31-2422-9-0002,1,ORT,ORD,JJR,2,0,0,0,0,0,0,3,2,0,0,0,0,0,0,Under,Yes,SFO,8,2,2,0,0,0,0,0,31-2422-9-0002,3/10/2019,O,1,JJR,SFO,10,2,2,0,0,0,0,0,2,NULL,No,Matthew Papes,Cindy Ortega
3/12/2019,24,2426,31,31-2426-9-0001,1,ORT,ORD,ORJ,1,0,0,0,0,0,0,3,1,0,0,0,0,0,0,Under,Yes,ORD,2,1,0,0,0,0,0,0,31-2426-9-0001,2/20/2019,O,1,ORJ,ORD,3,1,0,0,0,0,0,0,1,NULL,No,Matthew Papes,Cindy Ortega
3/12/2019,24,2434,31,31-2434-9-9001,2,ORT,ORD,JJR,1,0,0,0,0,0,0,3,1,0,0,0,0,0,0,Under,Yes,SFO,11,2,9,0,0,0,0,0,31-2434-9-9001,3/10/2019,O,1,SMB,SFO,1,1,8,0,0,0,0,0,1,NULL,No,Matthew Papes,Cindy Ortega
3/12/2019,24,2434,31,31-2434-9-9002,1,PDX,LINE,HDW,4,0,0,0,0,0,0,0,0,0,0,0,0,0,0,Under,Yes,IAH,12,0,1,0,0,0,0,0,31-2434-9-9002,3/8/2019,O,1,HDW,IAH,13,2,19,0,0,0,0,0,0,Flip,No,Matthew Papes,Cindy Ortega
3/12/2019,24,2441,31,31-2441-9-0001,2,EWR,EWR,JJR,1,0,0,0,0,0,0,1,1,0,0,0,0,0,0,Under,Yes,SFO,2,1,1,0,1,0,0,0,31-2441-9-0001,3/4/2019,O,1,JJR,SFO,4,1,1,0,0,1,0,0,1,NULL,No,Matthew Papes,Cindy Ortega
3/12/2019,24,2441,31,31-2441-9-0001,2,IAD,IAD,JJR,1,0,0,0,0,0,0,1,1,0,0,0,0,0,0,Under,Yes,SFO,2,1,1,0,1,0,0,0,31-2441-9-0001,3/8/2019,O,1,JJR,SFO,4,1,1,0,0,1,0,0,1,NULL,No,Matthew Papes,Cindy Ortega
3/12/2019,24,2441,31,31-2441-9-0001,2,ORT,ORD,JJR,1,0,0,0,0,0,0,3,1,0,0,0,0,0,0,Under,Yes,SFO,2,1,1,0,1,0,0,0,31-2441-9-0001,3/7/2019,O,1,JJR,SFO,4,1,1,0,0,1,0,0,1,NULL,No,Matthew Papes,Cindy Ortega
3/12/2019,25,2533,31,31-2533-9-0001,3,IAD,IAD,ORJ,1,0,0,0,0,0,0,1,1,0,0,0,0,0,0,Under,Yes,ORD,11,1,0,0,0,0,0,0,31-2533-9-0001,3/11/2019,O,1,ORJ,ORD,12,1,0,0,0,0,0,0,1,Flip,No,Janeece Best,Patti Gandy
3/12/2019,25,2533,31,31-2533-9-0001,3,LAX,LAX,ORJ,1,0,0,0,0,0,0,1,1,0,0,0,0,0,0,Under,Yes,ORD,11,1,0,0,0,0,0,0,31-2533-9-0001,3/9/2019,O,1,ORJ,ORD,12,1,0,0,0,0,0,0,1,Flip,No,Janeece Best,Patti Gandy
3/12/2019,25,2533,31,31-2533-9-0001,3,MEX,LINE,ORJ,1,0,0,0,0,0,0,0,0,0,0,0,0,0,0,Under,Yes,ORD,11,1,0,0,0,0,0,0,31-2533-9-0001,1/16/2019,O,1,ORJ,ORD,12,1,0,0,0,0,0,0,0,Flip,Yes,Janeece Best,Patti Gandy
3/12/2019,25,2533,31,31-2533-9-0001,3,MOR,IAH,ORJ,1,0,0,0,0,0,0,1,1,0,0,0,0,0,0,Under,Yes,ORD,11,1,0,0,0,0,0,0,31-2533-9-0001,12/7/2018,O,1,ORJ,ORD,12,1,0,0,0,0,0,0,1,Flip,Yes,Janeece Best,Patti Gandy
3/12/2019,25,2533,31,31-2533-9-0001,3,ORT,ORD,ORJ,1,0,0,0,0,0,0,12,1,0,0,0,0,0,0,Under,Yes,ORD,11,1,0,0,0,0,0,0,31-2533-9-0001,3/9/2019,O,1,ORJ,ORD,12,1,0,0,0,0,0,0,1,Flip,No,Janeece Best,Patti Gandy
3/12/2019,25,2533,31,31-2533-9-0001,3,SET,LINE,ORJ,1,0,0,0,0,0,0,0,0,0,0,0,0,0,0,Under,Yes,ORD,11,1,0,0,0,0,0,0,31-2533-9-0001,3/3/2019,O,1,ORJ,ORD,12,1,0,0,0,0,0,0,0,Flip,No,Janeece Best,Patti Gandy
3/12/2019,25,2533,31,31-2533-9-0001,3,SMB,SFO,ORJ,1,0,0,0,0,0,0,2,1,0,0,0,0,0,0,Under,Yes,ORD,11,1,0,0,0,0,0,0,31-2533-9-0001,2/28/2019,O,1,MCO,NULL,0,1,2,0,0,0,0,0,1,NULL,No,Janeece Best,Patti Gandy
3/12/2019,25,2534,31,31-2534-9-0001,3,BOS,LINE,ORJ,1,0,0,0,0,0,0,0,0,0,0,0,0,0,0,Under,Yes,ORD,104,0,142,0,2,0,15,5,31-2534-9-0001,3/10/2019,O,1,ORT,ORD,0,0,2,0,0,0,0,0,0,NULL,No,Janeece Best,Patti Gandy
3/12/2019,25,2534,31,31-2534-9-0001,3,LHR,LINE,ORJ,1,0,0,0,0,0,0,0,0,0,0,0,0,0,0,Under,Yes,ORD,104,0,142,0,2,0,15,5,31-2534-9-0001,3/10/2019,O,1,ORD,ORD,6,8,6,0,0,0,15,0,0,NULL,No,Janeece Best,Patti Gandy
3/12/2019,25,2560,31,31-2560-9-9002,0,MEX,LINE,JJR,1,0,0,0,0,0,0,0,0,0,0,0,0,0,0,Under,Yes,SFO,34,1,23,0,1,0,0,0,31-2560-9-9002,3/10/2019,O,1,SMB,SFO,1,0,22,0,0,1,0,0,0,NULL,No,Janeece Best,Suzanne Jackson
3/12/2019,25,2561,31,31-2561-9-0001,1,EWR,EWR,ORJ,1,0,0,0,0,0,0,1,1,0,0,0,0,0,0,Under,Yes,ORD,5,1,1,0,0,0,0,0,31-2561-9-0001,2/15/2019,O,1,ORJ,ORD,6,1,1,0,0,0,0,0,1,NULL,No,Janeece Best,Suzanne Jackson
3/12/2019,25,2561,31,31-2561-9-0001,1,IAD,IAD,ORJ,1,0,0,0,0,0,0,1,1,0,0,0,0,0,0,Under,Yes,ORD,5,1,1,0,0,0,0,0,31-2561-9-0001,2/22/2019,O,1,ORJ,ORD,6,1,1,0,0,0,0,0,1,NULL,No,Janeece Best,Suzanne Jackson
3/12/2019,25,2561,31,31-2561-9-0001,1,MEX,LINE,ORJ,1,0,0,0,0,0,0,0,0,0,0,0,0,0,0,Under,Yes,ORD,5,1,1,0,0,0,0,0,31-2561-9-0001,3/1/2019,O,1,ORJ,ORD,6,1,1,0,0,0,0,0,0,NULL,No,Janeece Best,Suzanne Jackson
3/12/2019,25,2561,31,31-2561-9-0001,1,MOR,IAH,ORJ,1,0,0,0,0,0,0,1,1,0,0,0,0,0,0,Under,Yes,ORD,5,1,1,0,0,0,0,0,31-2561-9-0001,2/15/2019,O,1,ORJ,ORD,6,1,1,0,0,0,0,0,1,NULL,No,Janeece Best,Suzanne Jackson
3/12/2019,25,2561,31,31-2561-9-0001,1,PDX,LINE,ORJ,1,0,0,0,0,0,0,0,0,0,0,0,0,0,0,Under,Yes,ORD,5,1,1,0,0,0,0,0,NULL,NULL,NULL,NULL,NULL,NULL,0,0,0,0,0,0,0,0,0,Create SO,N/A,Janeece Best,Suzanne Jackson
3/12/2019,25,2561,31,31-2561-9-0001,1,SEA,LINE,ORJ,1,0,0,0,0,0,0,0,0,0,0,0,0,0,0,Under,Yes,ORD,5,1,1,0,0,0,0,0,31-2561-9-0001,2/28/2019,O,1,ORJ,ORD,6,1,1,0,0,0,0,0,0,NULL,No,Janeece Best,Suzanne Jackson
3/12/2019,25,2561,31,31-2561-9-0001,1,SMB,SFO,ORJ,1,0,0,0,0,0,0,1,1,0,0,0,0,0,0,Under,Yes,ORD,5,1,1,0,0,0,0,0,31-2561-9-0001,2/18/2019,O,1,ORJ,ORD,6,1,1,0,0,0,0,0,1,NULL,No,Janeece Best,Suzanne Jackson
3/12/2019,25,2561,31,31-2561-9-0002,1,DEN,DEN,ORJ,1,0,0,0,0,0,0,1,1,0,0,0,0,0,0,Under,Yes,ORD,7,1,0,0,0,0,0,0,31-2561-9-0002,1/30/2019,O,1,ORJ,ORD,8,1,0,0,0,0,0,0,1,Flip,Yes,Janeece Best,Suzanne Jackson
3/12/2019,25,2561,31,31-2561-9-0002,1,EWR,EWR,ORJ,1,0,0,0,0,0,0,1,1,0,0,0,0,0,0,Under,Yes,ORD,7,1,0,0,0,0,0,0,31-2561-9-0002,3/10/2019,O,1,ORJ,ORD,8,1,0,0,0,0,0,0,1,Flip,No,Janeece Best,Suzanne Jackson
3/12/2019,25,2561,31,31-2561-9-0002,1,IAD,IAD,ORJ,1,0,0,0,0,0,0,1,1,0,0,0,0,0,0,Under,Yes,ORD,7,1,0,0,0,0,0,0,31-2561-9-0002,1/7/2019,O,1,ORJ,ORD,8,1,0,0,0,0,0,0,1,Flip,Yes,Janeece Best,Suzanne Jackson
3/12/2019,25,2561,31,31-2561-9-0002,1,MEX,LINE,ORJ,1,0,0,0,0,0,0,0,0,0,0,0,0,0,0,Under,Yes,ORD,7,1,0,0,0,0,0,0,31-2561-9-0002,3/4/2019,O,1,ORJ,ORD,8,1,0,0,0,0,0,0,0,Flip,No,Janeece Best,Suzanne Jackson
3/12/2019,25,2561,31,31-2561-9-0002,1,MOR,IAH,ORJ,1,0,0,0,0,0,0,1,1,0,0,0,0,0,0,Under,Yes,ORD,7,1,0,0,0,0,0,0,31-2561-9-0002,2/24/2019,O,1,SEA,NULL,1,0,0,0,0,0,0,0,1,Flip,No,Janeece Best,Suzanne Jackson
3/12/2019,25,2561,31,31-2561-9-0002,1,ORD,ORD,ORJ,1,0,0,0,0,0,0,8,1,0,0,0,0,0,0,Under,Yes,ORD,7,1,0,0,0,0,0,0,31-2561-9-0002,3/8/2019,O,1,ORJ,ORD,8,1,0,0,0,0,0,0,1,Flip,No,Janeece Best,Suzanne Jackson
3/12/2019,25,2561,31,31-2561-9-0002,1,PDX,LINE,ORJ,1,0,0,0,0,0,0,0,0,0,0,0,0,0,0,Under,Yes,ORD,7,1,0,0,0,0,0,0,NULL,NULL,NULL,NULL,NULL,NULL,0,0,0,0,0,0,0,0,0,Create SO,N/A,Janeece Best,Suzanne Jackson
3/12/2019,25,2561,31,31-2561-9-0002,1,SFO,SFO,ORJ,1,0,0,0,0,0,0,1,2,0,0,0,0,0,0,Under,Yes,ORD,7,1,0,0,0,0,0,0,31-2561-9-0002,2/24/2019,O,1,ORJ,ORD,8,1,0,0,0,0,0,0,2,Flip,No,Janeece Best,Suzanne Jackson
3/12/2019,25,2561,31,31-2561-9-0002,1,SMB,SFO,ORJ,1,0,0,0,0,0,0,1,2,0,0,0,0,0,0,Under,Yes,ORD,7,1,0,0,0,0,0,0,31-2561-9-0002,2/21/2019,O,1,ORJ,ORD,8,1,0,0,0,0,0,0,2,Flip,No,Janeece Best,Suzanne Jackson
3/12/2019,25,2561,31,31-2561-9-0005,1,EWR,EWR,ORJ,1,0,0,0,0,0,0,0,1,0,0,0,0,0,0,Under,Yes,ORD,0,0,0,0,0,0,0,0,31-2561-9-0005,3/15/2018,O,1,ORJ,ORD,NULL,NULL,0,0,0,0,0,0,1,NULL,Yes,Janeece Best,Suzanne Jackson
3/12/2019,25,2561,31,31-2561-9-0006,1,EWR,EWR,ORJ,1,0,0,0,0,0,0,0,1,0,0,0,0,0,0,Under,Yes,ORD,0,0,0,0,0,0,0,0,31-2561-9-0006,3/20/2018,O,1,ORJ,ORD,NULL,NULL,0,0,0,0,0,0,1,NULL,Yes,Janeece Best,Suzanne Jackson
3/12/2019,25,2561,31,31-2561-9-0013,1,PDX,LINE,ORJ,1,0,0,0,0,0,0,0,0,0,0,0,0,0,0,Under,Yes,ORD,1,1,1,0,0,0,0,0,31-2561-9-0013,3/7/2019,O,1,ORJ,ORD,2,1,1,0,0,0,0,0,0,NULL,No,Janeece Best,Suzanne Jackson
3/12/2019,25,2561,31,31-2561-9-0014,0,DEN,DEN,DEN,1,0,0,0,0,0,0,1,1,0,0,0,0,0,0,Under,Yes,DEN,1,1,0,0,0,0,0,0,31-2561-9-0014,2/20/2019,O,1,MEX,NULL,1,1,2,0,0,0,0,0,1,NULL,No,Janeece Best,Suzanne Jackson
3/12/2019,25,2561,31,31-2561-9-0014,0,SEA,LINE,ORJ,1,0,0,0,0,0,0,0,0,0,0,0,0,0,0,Under,Yes,ORD,4,0,2,0,0,0,0,0,31-2561-9-0014,3/6/2019,O,1,ORJ,ORD,5,1,3,0,0,0,0,0,0,Flip,No,Janeece Best,Suzanne Jackson
3/12/2019,25,2561,31,31-2561-9-0014,0,SFO,SFO,ORJ,1,0,0,0,0,0,0,2,2,0,0,0,0,1,0,Under,Yes,ORD,4,0,2,0,0,0,0,0,31-2561-9-0014,3/3/2019,O,1,ORD,ORD,1,1,1,0,0,0,0,0,2,Flip,No,Janeece Best,Suzanne Jackson
3/12/2019,25,2561,31,31-2561-9-0015,0,DEN,DEN,ORJ,1,0,0,0,0,0,0,1,1,0,0,0,0,0,0,Under,Yes,ORD,12,0,4,0,0,0,0,0,31-2561-9-0015,3/9/2019,O,1,ORJ,ORD,13,1,4,0,0,0,0,0,1,Flip,No,Janeece Best,Suzanne Jackson
3/12/2019,25,2561,31,31-2561-9-0015,0,EWR,EWR,ORJ,1,0,0,0,0,0,0,1,1,0,0,0,0,0,0,Under,Yes,ORD,12,0,4,0,0,0,0,0,NULL,NULL,NULL,NULL,NULL,NULL,0,0,0,0,0,0,0,0,0,Create SO,N/A,Janeece Best,Suzanne Jackson
3/12/2019,25,2561,31,31-2561-9-0015,0,IAD,IAD,ORJ,1,0,0,0,0,0,0,1,1,0,0,0,0,0,0,Under,Yes,ORD,12,0,4,0,0,0,0,0,31-2561-9-0015,1/17/2019,O,1,ORJ,ORD,13,1,4,0,0,0,0,0,1,Flip,Yes,Janeece Best,Suzanne Jackson
3/12/2019,25,2561,31,31-2561-9-0015,0,LAX,LAX,ORJ,1,0,0,0,0,0,0,0,1,0,0,0,0,0,0,Under,Yes,ORD,12,0,4,0,0,0,0,0,31-2561-9-0015,12/17/2018,O,1,ORJ,ORD,13,1,4,0,0,0,0,0,1,Flip,Yes,Janeece Best,Suzanne Jackson
3/12/2019,25,2561,31,31-2561-9-0015,0,MEX,LINE,ORJ,1,0,0,0,0,0,0,0,0,0,0,0,0,0,0,Under,Yes,ORD,12,0,4,0,0,0,0,0,31-2561-9-0015,12/21/2018,O,1,ORJ,ORD,13,1,4,0,0,0,0,0,0,Flip,Yes,Janeece Best,Suzanne Jackson
3/12/2019,25,2561,31,31-2561-9-0015,0,MOR,IAH,ORJ,1,0,0,0,0,0,0,1,1,0,0,0,0,0,0,Under,Yes,ORD,12,0,4,0,0,0,0,0,31-2561-9-0015,2/7/2019,O,1,ORJ,ORD,13,1,4,0,0,0,0,0,1,Flip,Yes,Janeece Best,Suzanne Jackson
3/12/2019,25,2561,31,31-2561-9-0015,0,PDX,LINE,ORJ,1,0,0,0,0,0,0,0,0,0,0,0,0,0,0,Under,Yes,ORD,12,0,4,0,0,0,0,0,NULL,NULL,NULL,NULL,NULL,NULL,0,0,0,0,0,0,0,0,0,Create SO,N/A,Janeece Best,Suzanne Jackson
3/12/2019,25,2561,31,31-2561-9-0015,0,SEA,LINE,ORJ,1,0,0,0,0,0,0,0,0,0,0,0,0,0,0,Under,Yes,ORD,12,0,4,0,0,0,0,0,31-2561-9-0015,2/12/2019,O,1,ORJ,ORD,13,1,4,0,0,0,0,0,0,Flip,No,Janeece Best,Suzanne Jackson
3/12/2019,25,2561,31,31-2561-9-0015,0,SFO,SFO,ORJ,1,0,0,0,0,0,0,2,2,0,0,0,0,0,0,Under,Yes,ORD,12,0,4,0,0,0,0,0,31-2561-9-0015,3/9/2019,O,1,ORJ,ORD,13,1,4,0,0,0,0,0,1,Flip,No,Janeece Best,Suzanne Jackson
3/12/2019,25,2561,31,31-2561-9-0015,0,SMB,SFO,ORJ,1,0,0,0,0,0,0,2,2,0,0,0,0,0,0,Under,Yes,ORD,12,0,4,0,0,0,0,0,NULL,NULL,NULL,NULL,NULL,NULL,0,0,0,0,0,0,0,0,1,NULL,N/A,Janeece Best,Suzanne Jackson
3/12/2019,25,2562,31,31-2562-9-0001,0,DEN,DEN,DEN,1,0,0,0,0,0,0,0,1,0,0,0,0,0,0,Under,Yes,DEN,0,1,0,0,0,0,0,0,31-2562-9-0001,2/7/2019,O,1,ORJ,ORD,1,1,1,0,0,0,0,0,1,NULL,Yes,Janeece Best,Suzanne Jackson
3/12/2019,25,2562,31,31-2562-9-0001,0,EWR,EWR,ORJ,1,0,0,0,0,0,0,0,1,0,0,0,0,0,0,Under,Yes,ORD,1,1,1,0,0,0,0,0,31-2562-9-0001,1/19/2019,O,1,ORJ,ORD,1,1,1,0,0,0,0,0,1,NULL,Yes,Janeece Best,Suzanne Jackson
3/12/2019,25,2562,31,31-2562-9-0001,0,IAD,IAD,ORJ,1,0,0,0,0,0,0,0,1,0,0,0,0,0,0,Under,Yes,ORD,1,1,1,0,0,0,0,0,31-2562-9-0001,1/25/2019,O,1,ORJ,ORD,1,1,1,0,0,0,0,0,1,NULL,Yes,Janeece Best,Suzanne Jackson
3/12/2019,25,2562,31,31-2562-9-0001,0,LAX,LAX,ORJ,1,0,0,0,0,0,0,0,1,0,0,0,0,0,0,Under,Yes,ORD,1,1,1,0,0,0,0,0,31-2562-9-0001,1/26/2019,O,1,ORJ,ORD,1,1,1,0,0,0,0,0,1,NULL,Yes,Janeece Best,Suzanne Jackson
3/12/2019,26,2610,31,31-2610-9-0001,2,EWR,EWR,JJR,1,0,0,0,0,0,0,1,1,0,0,0,0,0,0,Under,Yes,SFO,10,1,1,0,0,0,0,0,NULL,NULL,NULL,NULL,NULL,NULL,0,0,0,0,0,0,0,0,0,Create SO,N/A,Lance Longbein,Lorraine Craig
3/12/2019,26,2610,31,31-2610-9-0001,2,IAD,IAD,JJR,1,0,0,0,0,0,0,1,1,0,0,0,0,0,0,Under,Yes,SFO,10,1,1,0,0,0,0,0,31-2610-9-0001,10/15/2018,P,1,IAD,IAD,1,1,0,0,0,0,0,0,1,Change FS,Yes,Lance Longbein,Lorraine Craig
3/12/2019,26,2610,31,31-2610-9-0001,2,LAX,LAX,JJR,1,0,0,0,0,0,0,1,1,0,0,0,0,0,0,Under,Yes,SFO,10,1,1,0,0,0,0,0,31-2610-9-0001,12/22/2018,O,1,JJR,SFO,12,1,1,0,0,0,0,0,1,NULL,Yes,Lance Longbein,Lorraine Craig
3/12/2019,26,2610,31,31-2610-9-0001,2,LGA,LINE,JJR,1,0,0,0,0,0,0,0,0,0,0,0,0,0,0,Under,Yes,SFO,10,1,1,0,0,0,0,0,31-2610-9-0001,10/13/2018,O,1,JJR,SFO,12,1,1,0,0,0,0,0,0,NULL,Yes,Lance Longbein,Lorraine Craig
3/12/2019,26,2610,31,31-2610-9-0001,2,PDX,LINE,JJR,1,0,0,0,0,0,0,0,0,0,0,0,0,0,0,Under,Yes,SFO,10,1,1,0,0,0,0,0,NULL,NULL,NULL,NULL,NULL,NULL,0,0,0,0,0,0,0,0,0,Create SO,N/A,Lance Longbein,Lorraine Craig
3/12/2019,26,2610,31,31-2610-9-0001,2,SEA,LINE,JJR,1,0,0,0,0,0,0,0,0,0,0,0,0,0,0,Under,Yes,SFO,10,1,1,0,0,0,0,0,31-2610-9-0001,1/26/2019,O,1,JJR,SFO,12,1,1,0,0,0,0,0,0,NULL,Yes,Lance Longbein,Lorraine Craig
3/12/2019,26,2612,31,31-2612-9-9002,0,MOR,IAH,JJR,1,0,0,0,0,0,0,1,1,0,0,0,0,0,0,Under,Yes,SFO,3,1,1,0,0,0,0,0,31-2612-9-9002,3/5/2019,O,1,JJR,SFO,5,1,1,0,0,0,0,0,1,NULL,No,Lance Longbein,Lorraine Craig
3/12/2019,27,2700,31,31-2700-9-0002,2,ORT,ORD,JJR,1,0,0,0,0,0,0,1,1,0,0,0,0,0,0,Under,Yes,SFO,0,0,0,0,0,0,0,0,31-2700-9-0002,3/3/2019,O,1,JJR,SFO,NULL,NULL,0,0,0,0,0,0,1,NULL,No,Robert Aten,Karl Rathkamp
3/12/2019,27,2700,31,31-2700-9-0007,2,DEN,DEN,JJR,1,0,0,0,0,0,0,0,1,0,0,0,0,0,0,Under,Yes,SFO,1,1,1,0,0,0,0,0,31-2700-9-0007,3/4/2019,O,1,IAD,IAD,0,1,2,0,0,0,0,0,1,NULL,No,Robert Aten,Karl Rathkamp
3/12/2019,27,2700,31,31-2700-9-0007,2,EWR,EWR,JJR,1,0,0,0,0,0,0,0,1,0,0,0,0,0,0,Under,Yes,SFO,1,1,1,0,0,0,0,0,31-2700-9-0007,2/10/2019,O,1,IAD,IAD,0,1,2,0,0,0,0,0,1,NULL,No,Robert Aten,Karl Rathkamp
3/12/2019,27,2720,31,31-2720-9-9001,1,SFD,SFO,JJR,1,0,0,0,0,0,0,7,2,1,0,0,0,0,0,Under,Yes,SFO,5,2,1,0,0,0,0,0,31-2720-9-9001,3/4/2019,O,1,IAH,IAH,1,1,1,1,0,0,0,0,1,NULL,No,Robert Aten,Karl Rathkamp
3/12/2019,27,2721,31,31-2721-9-9002,1,MOR,IAH,ORJ,1,0,0,0,0,0,0,0,1,0,0,0,0,0,0,Under,Yes,ORD,1,1,1,0,0,0,0,0,31-2721-9-9002,1/29/2019,O,1,EWR,EWR,0,1,1,0,0,0,0,0,1,Check SO,Yes,Robert Aten,Karl Rathkamp
3/12/2019,27,2725,31,31-2725-9-9001,2,IAH,IAH,JJR,1,0,0,0,0,0,0,1,1,0,0,0,0,0,0,Under,Yes,SFO,3,1,5,0,0,0,0,0,31-2725-9-9001,3/10/2019,O,1,SMB,SFO,1,1,5,0,0,0,0,0,1,NULL,No,Robert Aten,Karl Rathkamp
3/12/2019,27,2730,31,31-2730-9-9001,2,IAD,IAD,IAD,1,0,0,0,0,0,0,1,1,0,0,0,0,0,0,Under,Yes,IAD,1,1,0,0,0,0,0,0,31-2730-9-9001,3/4/2019,O,1,ORD,ORD,1,0,0,1,0,0,0,0,1,NULL,No,Robert Aten,Karl Rathkamp
3/12/2019,27,2735,31,31-2735-9-9001,1,ORT,ORD,JJR,1,0,0,0,0,0,0,2,1,0,0,0,0,0,0,Under,Yes,SFO,3,3,6,0,0,0,0,9,31-2735-9-9001,3/10/2019,O,1,SMB,SFO,0,2,5,0,0,0,0,9,1,NULL,No,Robert Aten,Karl Rathkamp
3/12/2019,27,2743,31,31-2743-9-0001,1,MOR,IAH,ORJ,1,0,0,0,0,0,0,0,1,0,0,0,0,0,0,Under,Yes,ORD,5,0,0,0,0,0,0,0,31-2743-9-0001,3/2/2019,O,1,SMB,SFO,1,1,2,0,0,0,0,0,1,NULL,No,Robert Aten,Mark Hawkins
3/12/2019,27,2750,31,31-2750-9-0001,1,DEN,DEN,JJR,2,0,0,0,0,0,0,1,2,0,0,0,0,0,0,Under,Yes,SFO,11,2,2,0,1,0,0,0,31-2750-9-0001,3/9/2019,O,1,JJR,SFO,13,2,2,0,0,1,0,0,2,Flip,No,Robert Aten,Mark Hawkins
3/12/2019,27,2750,31,31-2750-9-0001,1,EWR,EWR,JJR,1,0,0,0,0,0,0,1,1,0,0,0,0,0,0,Under,Yes,SFO,11,2,2,0,1,0,0,0,31-2750-9-0001,3/1/2019,O,1,SEA,NULL,1,0,1,0,0,0,0,0,1,NULL,No,Robert Aten,Mark Hawkins
3/12/2019,27,2750,31,31-2750-9-0001,1,LAS,LINE,JJR,1,0,0,0,0,0,0,0,0,0,0,0,0,0,0,Under,Yes,SFO,11,2,2,0,1,0,0,0,31-2750-9-0001,2/6/2019,O,1,JJR,SFO,13,2,2,0,0,1,0,0,0,Flip,Yes,Robert Aten,Mark Hawkins
3/12/2019,27,2750,31,31-2750-9-0001,1,PDX,LINE,JJR,1,0,0,0,0,0,0,0,0,0,0,0,0,0,0,Under,Yes,SFO,11,2,2,0,1,0,0,0,31-2750-9-0001,3/7/2019,O,1,SEA,NULL,1,0,1,0,0,0,0,0,0,NULL,No,Robert Aten,Mark Hawkins
3/12/2019,27,2751,31,31-2751-9-7001,0,ORD,ORD,JJR,1,0,0,0,0,0,0,0,1,0,0,0,0,0,0,Under,Yes,SFO,0,0,0,0,0,0,0,0,31-2751-9-7001,8/9/2018,O,1,JJR,SFO,NULL,NULL,0,0,0,0,0,0,1,NULL,Yes,Robert Aten,Mark Hawkins
3/12/2019,27,2752,31,31-2752-9-0002,1,DEN,DEN,ORJ,1,0,0,0,0,0,0,1,1,0,0,0,0,0,0,Under,Yes,ORD,1,0,0,0,0,0,0,0,31-2752-9-0002,3/6/2019,O,1,ORJ,ORD,1,NULL,0,0,0,0,0,0,1,Flip,No,Robert Aten,Mark Hawkins
3/12/2019,27,2752,31,31-2752-9-0002,1,SFO,SFO,ORJ,1,0,0,0,0,0,0,0,1,0,0,0,0,0,0,Under,Yes,ORD,1,0,0,0,0,0,0,0,31-2752-9-0002,3/6/2019,O,1,ORJ,ORD,1,NULL,0,0,0,0,0,0,1,Flip,No,Robert Aten,Mark Hawkins
3/12/2019,27,2752,31,31-2752-9-0004,1,DEN,DEN,ORJ,1,0,0,0,0,0,0,0,1,0,0,0,0,0,0,Under,Yes,ORD,0,1,0,0,0,0,0,0,31-2752-9-0004,3/6/2019,O,1,ORJ,ORD,0,1,0,0,0,0,0,0,1,Flip,No,Robert Aten,Mark Hawkins
3/12/2019,27,2752,31,31-2752-9-0004,1,ORT,ORD,ORJ,1,0,0,0,0,0,0,0,1,0,0,0,0,0,0,Under,Yes,ORD,0,1,0,0,0,0,0,0,31-2752-9-0004,3/6/2019,O,1,ORJ,ORD,0,1,0,0,0,0,0,0,1,Flip,No,Robert Aten,Mark Hawkins
3/12/2019,27,2754,31,31-2754-9-0001,0,SMB,SFO,SMB,1,0,0,0,0,0,0,2,1,0,0,0,0,0,0,Under,Yes,SFO,1,1,0,0,0,0,0,0,31-2754-9-0001,12/1/2018,O,1,JJR,SFO,2,1,0,0,0,0,0,0,1,NULL,Yes,Robert Aten,Mark Hawkins
3/12/2019,27,2754,31,31-2754-9-0002,0,SMB,SFO,JJR,2,0,0,0,0,0,0,3,2,0,0,0,0,0,0,Under,Yes,SFO,1,2,0,0,0,0,0,0,31-2754-9-0002,1/27/2019,O,1,JJR,SFO,3,2,0,0,0,0,0,0,2,NULL,Yes,Robert Aten,Mark Hawkins
3/12/2019,27,2754,31,31-2754-9-0010,0,MOR,IAH,ORJ,1,0,0,0,0,0,0,0,1,0,0,0,0,0,0,Under,Yes,ORD,0,1,0,0,0,0,0,0,31-2754-9-0010,1/3/2019,O,1,ORJ,ORD,0,1,0,0,0,0,0,0,1,NULL,Yes,Robert Aten,Mark Hawkins
3/12/2019,27,2754,31,31-2754-9-0010,0,ORT,ORD,ORJ,1,0,0,0,0,0,0,0,1,0,0,0,0,0,0,Under,Yes,ORD,0,1,0,0,0,0,0,0,31-2754-9-0010,1/3/2019,O,1,ORJ,ORD,0,1,0,0,0,0,0,0,1,NULL,Yes,Robert Aten,Mark Hawkins
3/12/2019,27,2754,31,31-2754-9-0011,0,MOR,IAH,ORJ,1,0,0,0,0,0,0,0,1,0,0,0,0,0,0,Under,Yes,ORD,0,0,0,0,0,0,0,0,31-2754-9-0011,1/3/2019,O,1,ORJ,ORD,NULL,NULL,0,0,0,0,0,0,1,NULL,Yes,Robert Aten,Mark Hawkins
3/12/2019,27,2762,31,31-2762-9-9001,1,MOR,IAH,ORJ,1,0,0,0,0,0,0,1,1,0,0,0,0,0,0,Under,Yes,ORD,2,1,1,0,0,0,0,0,31-2762-9-9001,3/6/2019,O,1,ORJ,ORD,3,1,1,0,0,0,0,0,1,NULL,No,Robert Aten,Mark Hawkins
3/12/2019,27,2793,31,31-2793-9-0001,1,SFO,SFO,JJR,2,0,0,0,0,0,0,18,3,0,0,6,0,0,0,Under,Yes,SFO,16,3,0,0,6,0,0,0,31-2793-9-0001,3/9/2019,O,2,JJR,SFO,18,3,0,0,0,6,0,0,3,Flip,No,Robert Aten,Mark Hawkins
3/12/2019,27,2793,31,31-2793-9-0001,1,SMB,SFO,JJR,1,0,0,6,0,0,0,18,3,0,0,6,0,0,0,Under,Yes,SFO,16,3,0,0,6,0,0,0,31-2793-9-0001,3/10/2019,O,1,JJR,SFO,18,3,0,0,0,6,0,0,3,Flip,No,Robert Aten,Mark Hawkins
3/12/2019,27,2794,31,31-2794-9-0001,0,ORD,ORD,JJR,2,0,0,0,0,0,0,6,2,0,0,0,0,0,0,Under,Yes,SFO,20,2,5,0,1,0,0,0,31-2794-9-0001,3/9/2019,O,1,JJR,SFO,22,2,5,0,0,1,0,0,2,Flip,No,Robert Aten,Mark Hawkins
3/12/2019,28,2821,31,31-2821-9-9001,2,DEN,DEN,JJR,1,0,0,0,0,0,0,1,1,0,0,0,0,0,0,Under,Yes,SFO,8,1,1,0,0,0,0,1,31-2821-9-9001,3/3/2019,O,1,PDX,NULL,0,0,1,0,0,0,0,0,1,NULL,No,Lance Longbein,Debbie Baker
3/12/2019,28,2821,31,31-2821-9-9001,2,EWR,EWR,JJR,1,0,0,0,0,0,0,1,1,0,0,0,0,0,0,Under,Yes,SFO,8,1,1,0,0,0,0,1,31-2821-9-9001,3/3/2019,O,1,SEA,NULL,1,0,1,0,0,0,0,0,1,NULL,No,Lance Longbein,Debbie Baker
3/12/2019,28,2821,31,31-2821-9-9001,2,LAS,LINE,JJR,1,0,0,0,0,0,0,0,0,0,0,0,0,0,0,Under,Yes,SFO,8,1,1,0,0,0,0,1,31-2821-9-9001,2/24/2019,O,1,JJR,SFO,10,1,1,0,0,0,0,1,0,Flip,No,Lance Longbein,Debbie Baker
3/12/2019,28,2821,31,31-2821-9-9001,2,MOR,IAH,JJR,1,0,0,0,0,0,0,1,1,0,0,0,0,0,0,Under,Yes,SFO,8,1,1,0,0,0,0,1,31-2821-9-9001,3/8/2019,O,1,JJR,SFO,10,1,1,0,0,0,0,1,1,Flip,No,Lance Longbein,Debbie Baker
3/12/2019,28,2821,31,31-2821-9-9001,2,ORT,ORD,JJR,1,0,0,0,0,0,0,2,1,0,0,0,0,0,0,Under,Yes,SFO,8,1,1,0,0,0,0,1,31-2821-9-9001,3/10/2019,O,1,JJR,SFO,10,1,1,0,0,0,0,1,1,Flip,No,Lance Longbein,Debbie Baker
3/12/2019,28,2822,31,31-2822-9-9002,1,EWR,EWR,JJR,1,0,0,0,0,0,0,1,1,0,0,0,0,0,0,Under,Yes,SFO,5,2,0,0,0,0,1,1,31-2822-9-9002,3/3/2019,O,1,JJR,SFO,7,2,0,0,0,0,1,1,1,Flip,No,Lance Longbein,Debbie Baker
3/12/2019,28,2825,31,31-2825-9-0001,0,BOS,LINE,HDW,1,0,0,0,0,0,0,0,0,0,0,0,0,0,0,Under,Yes,IAH,23,2,0,0,1,1,0,0,31-2825-9-0001,3/3/2019,O,1,HDW,IAH,24,2,0,0,1,1,0,0,0,Flip,No,Lance Longbein,Debbie Baker
3/12/2019,28,2825,31,31-2825-9-0001,0,DEN,DEN,DEN,2,0,0,0,0,0,0,1,2,0,0,0,0,0,0,Under,Yes,DEN,1,2,0,0,0,0,0,0,31-2825-9-0001,1/15/2019,O,1,HDW,IAH,24,2,0,0,1,1,0,0,2,Flip,Yes,Lance Longbein,Debbie Baker
3/12/2019,28,2825,31,31-2825-9-0001,0,LAS,LINE,HDW,1,0,0,0,0,0,0,0,0,0,0,0,0,0,0,Under,Yes,IAH,23,2,0,0,1,1,0,0,31-2825-9-0001,2/25/2019,O,1,HDW,IAH,24,2,0,0,1,1,0,0,0,Flip,No,Lance Longbein,Debbie Baker
3/12/2019,28,2825,31,31-2825-9-0001,0,LGA,LINE,HDW,1,0,0,0,0,0,0,0,0,0,0,0,0,0,0,Under,Yes,IAH,23,2,0,0,1,1,0,0,31-2825-9-0001,2/26/2019,O,1,HDW,IAH,24,2,0,0,1,1,0,0,0,Flip,No,Lance Longbein,Debbie Baker
3/12/2019,28,2825,31,31-2825-9-0001,0,MCO,LINE,HDW,1,0,0,0,0,0,0,0,0,0,0,0,0,0,0,Under,Yes,IAH,23,2,0,0,1,1,0,0,31-2825-9-0001,2/25/2019,O,1,HDW,IAH,24,2,0,0,1,1,0,0,0,Flip,No,Lance Longbein,Debbie Baker
3/12/2019,28,2825,31,31-2825-9-0001,0,MEX,LINE,HDW,1,0,0,0,0,0,0,0,0,0,0,0,0,0,0,Under,Yes,IAH,23,2,0,0,1,1,0,0,31-2825-9-0001,2/25/2019,O,1,HDW,IAH,24,2,0,0,1,1,0,0,0,Flip,No,Lance Longbein,Debbie Baker
3/12/2019,28,2825,31,31-2825-9-0001,0,ORD,ORD,HDW,2,0,0,0,0,0,0,4,2,0,0,0,0,0,0,Under,Yes,IAH,23,2,0,0,1,1,0,0,31-2825-9-0001,2/27/2019,O,1,HDW,IAH,24,2,0,0,1,1,0,0,2,Flip,No,Lance Longbein,Debbie Baker
3/12/2019,28,2825,31,31-2825-9-0001,0,PDX,LINE,HDW,1,0,0,0,0,0,0,0,0,0,0,0,0,0,0,Under,Yes,IAH,23,2,0,0,1,1,0,0,31-2825-9-0001,3/2/2019,O,1,HDW,IAH,24,2,0,0,1,1,0,0,0,Flip,No,Lance Longbein,Debbie Baker
3/12/2019,28,2825,31,31-2825-9-0001,0,PHX,LINE,HDW,1,0,0,0,0,0,0,0,0,0,0,0,0,0,0,Under,Yes,IAH,23,2,0,0,1,1,0,0,31-2825-9-0001,3/1/2019,O,1,HDW,IAH,24,2,0,0,1,1,0,0,0,Flip,No,Lance Longbein,Debbie Baker
3/12/2019,28,2825,31,31-2825-9-0001,0,SEA,LINE,HDW,2,0,0,0,0,0,0,0,0,0,0,0,0,0,0,Under,Yes,IAH,23,2,0,0,1,1,0,0,31-2825-9-0001,2/25/2019,O,1,HDW,IAH,24,2,0,0,1,1,0,0,0,Flip,No,Lance Longbein,Debbie Baker
3/12/2019,28,2825,31,31-2825-9-0001,0,SMB,SFO,HDW,2,0,0,0,0,0,0,2,2,0,0,0,0,0,0,Under,Yes,IAH,23,2,0,0,1,1,0,0,31-2825-9-0001,2/2/2019,O,2,HDW,IAH,24,2,0,0,1,1,0,0,2,Flip,Yes,Lance Longbein,Debbie Baker
3/12/2019,28,2825,31,31-2825-9-0001,0,SNA,LINE,HDW,1,0,0,0,0,0,0,0,0,0,0,0,0,0,0,Under,Yes,IAH,23,2,0,0,1,1,0,0,31-2825-9-0001,1/17/2019,O,1,HDW,IAH,24,2,0,0,1,1,0,0,0,Flip,Yes,Lance Longbein,Debbie Baker
3/12/2019,28,2842,31,31-2842-9-0001,1,DEN,DEN,JJR,1,0,0,0,0,0,0,1,1,0,0,0,0,0,0,Under,Yes,SFO,5,0,0,0,0,0,0,0,31-2842-9-0001,3/10/2019,O,1,JJR,SFO,7,NULL,0,0,0,0,0,0,1,NULL,No,Lance Longbein,Debbie Baker
3/12/2019,28,2842,31,31-2842-9-0001,1,IAD,IAD,JJR,1,0,0,0,0,0,0,1,1,0,0,0,0,0,0,Under,Yes,SFO,5,0,0,0,0,0,0,0,31-2842-9-0001,3/9/2019,O,1,JJR,SFO,7,NULL,0,0,0,0,0,0,1,NULL,No,Lance Longbein,Debbie Baker
3/12/2019,28,2842,31,31-2842-9-0001,1,MEX,LINE,JJR,1,0,0,0,0,0,0,0,0,0,0,0,0,0,0,Under,Yes,SFO,5,0,0,0,0,0,0,0,31-2842-9-0001,2/9/2019,O,1,JJR,SFO,7,NULL,0,0,0,0,0,0,0,NULL,Yes,Lance Longbein,Debbie Baker
3/12/2019,28,2842,31,31-2842-9-0001,1,MOR,IAH,JJR,1,0,0,0,0,0,0,1,1,0,0,0,0,0,0,Under,Yes,SFO,5,0,0,0,0,0,0,0,31-2842-9-0001,3/11/2019,O,1,JJR,SFO,7,NULL,0,0,0,0,0,0,1,NULL,No,Lance Longbein,Debbie Baker
3/12/2019,28,2842,31,31-2842-9-0001,1,ORT,ORD,JJR,1,0,0,0,0,0,0,4,1,0,0,0,0,0,0,Under,Yes,SFO,5,0,0,0,0,0,0,0,31-2842-9-0001,3/8/2019,O,1,JJR,SFO,7,NULL,0,0,0,0,0,0,1,NULL,No,Lance Longbein,Debbie Baker
3/12/2019,28,2842,31,31-2842-9-0003,2,DEN,DEN,JJR,1,0,0,0,0,0,0,1,1,0,0,0,0,0,0,Under,Yes,SFO,5,0,1,0,1,0,0,0,31-2842-9-0003,3/10/2019,O,1,SMB,SFO,1,0,1,0,0,1,0,0,1,NULL,No,Lance Longbein,Debbie Baker
3/12/2019,29,2911,31,31-2911-9-9001,2,EWR,EWR,ORJ,1,0,0,0,0,0,0,0,1,0,0,0,0,0,0,Under,Yes,ORD,3,0,0,0,0,0,0,0,31-2911-9-9001,3/10/2019,O,1,ORJ,ORD,3,NULL,0,0,0,0,0,0,1,NULL,No,Robert Aten,Mahendra Shah
3/12/2019,29,2911,31,31-2911-9-9001,2,MOR,IAH,ORJ,1,0,0,0,0,0,0,0,1,0,0,0,0,0,0,Under,Yes,ORD,3,0,0,0,0,0,0,0,31-2911-9-9001,1/26/2019,O,1,ORJ,ORD,3,NULL,0,0,0,0,0,0,1,NULL,Yes,Robert Aten,Mahendra Shah
3/12/2019,29,2911,31,31-2911-9-9001,2,SMB,SFO,ORJ,1,0,0,0,0,0,0,2,1,0,0,0,0,0,0,Under,Yes,ORD,3,0,0,0,0,0,0,0,31-2911-9-9001,1/27/2019,O,1,ORJ,ORD,3,NULL,0,0,0,0,0,0,1,NULL,Yes,Robert Aten,Mahendra Shah
3/12/2019,29,2913,31,31-2913-9-9006,1,ORD,ORD,JJR,1,0,0,0,0,0,0,1,1,0,0,0,0,0,0,Under,Yes,SFO,1,1,0,0,0,0,1,0,31-2913-9-9006,3/7/2019,O,1,JJR,SFO,2,1,0,0,0,0,1,0,1,NULL,No,Robert Aten,Mahendra Shah
3/12/2019,29,2920,31,31-2920-9-0003,0,DEN,DEN,JJR,1,0,0,0,0,0,0,0,1,0,0,0,0,0,0,Under,Yes,SFO,3,1,0,0,0,0,0,2,31-2920-9-0003,3/5/2019,O,1,JJR,SFO,5,1,0,0,0,0,0,2,1,Flip,No,Robert Aten,Mahendra Shah
3/12/2019,29,2920,31,31-2920-9-0004,1,ORD,ORD,ORJ,1,0,0,0,0,0,0,6,1,0,0,0,0,0,0,Under,Yes,ORD,5,1,0,0,0,0,0,0,31-2920-9-0004,3/10/2019,O,1,ORJ,ORD,6,1,0,0,0,0,0,0,1,NULL,No,Robert Aten,Mahendra Shah
3/12/2019,29,2920,31,31-2920-9-0006,1,DEN,DEN,JJR,1,0,0,0,0,0,0,0,1,0,0,0,0,0,0,Under,Yes,SFO,1,1,0,0,0,0,0,0,31-2920-9-0006,3/8/2019,O,1,JJR,SFO,3,1,0,0,0,0,0,0,1,NULL,No,Robert Aten,Mahendra Shah
3/12/2019,29,2920,31,31-2920-9-0006,1,SMB,SFO,SMB,1,0,0,0,0,0,0,3,1,0,0,0,0,0,0,Under,Yes,SFO,1,1,0,0,0,0,0,0,31-2920-9-0006,3/6/2019,O,1,JJR,SFO,3,1,0,0,0,0,0,0,1,NULL,No,Robert Aten,Mahendra Shah
3/12/2019,30,3013,31,31-3013-9-9002,0,DEN,DEN,ORJ,1,0,0,0,0,0,0,1,1,0,0,0,0,0,0,Under,Yes,ORD,4,2,0,0,0,0,1,0,31-3013-9-9002,3/3/2019,O,1,MCO,NULL,0,0,1,0,0,0,0,0,1,NULL,No,Robert Aten,Karl Rathkamp
3/12/2019,30,3013,31,31-3013-9-9002,0,SEA,LINE,ORJ,1,0,0,0,0,0,0,0,0,0,0,0,0,0,0,Under,Yes,ORD,4,2,0,0,0,0,1,0,31-3013-9-9002,2/25/2019,O,1,ORJ,ORD,5,2,0,0,0,0,1,0,0,Flip,No,Robert Aten,Karl Rathkamp
3/12/2019,30,3013,31,31-3013-9-9002,0,SFO,SFO,ORJ,1,0,0,0,0,0,0,2,1,0,0,0,0,0,0,Under,Yes,ORD,4,2,0,0,0,0,1,0,31-3013-9-9002,2/26/2019,O,1,ORJ,ORD,5,2,0,0,0,0,1,0,1,Flip,No,Robert Aten,Karl Rathkamp
3/12/2019,30,3023,31,31-3023-9-9001,1,SMB,SFO,ORJ,1,0,0,0,0,0,0,2,1,0,0,0,0,0,0,Under,Yes,ORD,10,1,1,0,0,0,0,0,31-3023-9-9001,2/19/2019,O,1,PDX,NULL,1,0,1,0,0,0,0,0,1,NULL,No,Robert Aten,Karl Rathkamp
3/12/2019,30,3046,31,31-3046-9-0001,1,DEN,DEN,ORJ,1,0,0,0,0,0,0,0,1,0,0,0,0,0,0,Under,Yes,ORD,0,1,1,0,0,0,0,0,31-3046-9-0001,2/26/2019,O,1,ORJ,ORD,0,1,1,0,0,0,0,0,1,NULL,No,Robert Aten,Karl Rathkamp
3/12/2019,30,3046,31,31-3046-9-0002,1,ORD,ORD,ORJ,1,0,0,0,0,0,0,4,1,0,0,0,0,0,0,Under,Yes,ORD,3,1,0,0,0,0,0,0,NULL,NULL,NULL,NULL,NULL,NULL,0,0,0,0,0,0,0,0,0,Create SO,N/A,Robert Aten,Karl Rathkamp
3/12/2019,30,3046,31,31-3046-9-0002,1,SMB,SFO,ORJ,1,0,0,0,0,0,0,2,2,1,0,0,0,0,0,Under,Yes,ORD,3,1,0,0,0,0,0,0,31-3046-9-0002,3/4/2019,O,1,ORJ,ORD,4,1,0,0,0,0,0,0,1,NULL,No,Robert Aten,Karl Rathkamp
3/12/2019,31,3123,31,31-3123-9-0001,2,IAD,IAD,JJR,1,0,0,0,0,0,0,0,1,0,0,0,0,0,0,Under,Yes,SFO,1,1,1,0,0,0,0,0,31-3123-9-0001,3/8/2019,O,1,JJR,SFO,3,1,1,0,0,0,0,0,1,NULL,No,Mark Decker,Mark Decker
3/12/2019,31,3123,31,31-3123-9-0002,2,SMB,SFO,SMB,1,0,0,0,0,0,0,3,1,0,0,0,0,0,0,Under,Yes,SFO,1,1,0,0,0,0,0,0,31-3123-9-0002,3/2/2019,O,1,JJR,SFO,3,1,0,0,0,0,0,0,1,NULL,No,Mark Decker,Mark Decker
3/12/2019,31,3130,31,31-3130-9-0005,2,SMB,SFO,SMB,1,0,0,0,0,0,0,5,1,0,0,0,0,0,0,Under,Yes,SFO,0,1,0,0,0,0,0,0,31-3130-9-0005,3/8/2019,O,1,JJR,SFO,5,1,0,0,0,0,0,0,1,NULL,No,Mark Decker,Mark Decker
3/12/2019,31,3130,31,31-3130-9-0006,2,SMB,SFO,SMB,1,0,0,0,0,0,0,2,1,0,0,0,0,0,0,Under,Yes,SFO,0,1,0,0,0,0,0,0,31-3130-9-0006,2/23/2019,O,1,IAD,IAD,1,0,1,0,0,0,0,0,1,NULL,No,Mark Decker,Mark Decker
3/12/2019,31,3130,31,31-3130-9-0007,2,EWR,EWR,JJR,1,0,0,0,0,0,0,1,1,0,0,0,0,0,0,Under,Yes,SFO,16,1,0,0,1,0,0,0,31-3130-9-0007,3/10/2019,O,1,JJR,SFO,18,1,0,0,0,1,0,0,1,NULL,No,Mark Decker,Mark Decker
3/12/2019,31,3130,31,31-3130-9-0007,2,ORD,ORD,JJR,1,0,0,0,0,0,0,4,1,0,0,0,0,0,0,Under,Yes,SFO,16,1,0,0,1,0,0,0,NULL,NULL,NULL,NULL,NULL,NULL,0,0,0,0,0,0,0,0,0,Create SO,N/A,Mark Decker,Mark Decker
3/12/2019,31,3130,31,31-3130-9-0007,2,SEA,LINE,JJR,1,0,0,0,0,0,0,0,0,0,0,0,0,0,0,Under,Yes,SFO,16,1,0,0,1,0,0,0,31-3130-9-0007,3/11/2019,O,1,JJR,SFO,18,1,0,0,0,1,0,0,0,NULL,No,Mark Decker,Mark Decker
3/12/2019,31,3130,31,31-3130-9-0007,2,SMB,SFO,SMB,1,0,0,1,0,0,0,18,1,0,0,1,0,0,0,Under,Yes,SFO,1,1,0,0,1,0,0,0,NULL,NULL,NULL,NULL,NULL,NULL,0,0,0,0,0,0,0,0,0,Create SO,N/A,Mark Decker,Mark Decker
3/12/2019,31,3132,31,31-3132-9-9001,0,IAD,IAD,JJR,1,0,0,0,0,0,0,1,1,0,0,0,0,0,0,Under,Yes,SFO,3,1,3,0,0,0,0,0,31-3132-9-9001,3/10/2019,O,1,SMB,SFO,1,1,3,0,0,0,0,0,1,NULL,No,Mark Decker,Mark Decker
3/12/2019,31,3150,31,31-3150-9-0003,1,IAD,IAD,JJR,1,0,0,0,0,0,0,1,1,0,0,0,0,0,0,Under,Yes,SFO,17,1,1,0,0,0,0,0,NULL,NULL,NULL,NULL,NULL,NULL,0,0,0,0,0,0,0,0,0,Create SO,N/A,Mark Decker,Mark Decker
3/12/2019,31,3150,31,31-3150-9-0003,1,SEA,LINE,JJR,1,0,0,0,0,0,0,0,0,0,0,0,0,0,0,Under,Yes,SFO,17,1,1,0,0,0,0,0,NULL,NULL,NULL,NULL,NULL,NULL,0,0,0,0,0,0,0,0,0,Create SO,N/A,Mark Decker,Mark Decker
3/12/2019,31,3160,31,31-3160-9-0001,2,ORT,ORD,JJR,1,0,0,0,0,0,0,3,1,0,0,0,0,0,0,Under,Yes,SFO,8,1,3,0,0,0,0,0,31-3160-9-0001,3/8/2019,O,1,SMB,SFO,1,1,3,0,0,0,0,0,1,NULL,No,Mark Decker,Mark Decker
3/12/2019,31,3161,31,31-3161-9-0001,1,IAD,IAD,JJR,1,0,0,0,0,0,0,1,1,0,0,0,0,0,0,Under,Yes,SFO,40,4,3,0,1,0,1,0,31-3161-9-0001,3/10/2019,O,1,JJR,SFO,43,4,3,0,0,1,1,0,1,NULL,No,Mark Decker,Mark Decker
3/12/2019,31,3161,31,31-3161-9-0001,1,MOR,IAH,JJR,2,0,0,0,0,0,0,2,2,0,0,0,0,0,0,Under,Yes,SFO,40,4,3,0,1,0,1,0,31-3161-9-0001,3/9/2019,O,1,JJR,SFO,43,4,3,0,0,1,1,0,2,NULL,No,Mark Decker,Mark Decker
3/12/2019,32,3211,31,31-3211-9-9008,0,SMB,SFO,SMB,1,0,0,0,0,0,0,3,1,0,0,0,0,0,0,Under,Yes,SFO,1,1,0,0,0,0,0,0,31-3211-9-9008,10/15/2018,O,1,JJR,SFO,3,1,0,0,0,0,0,0,1,NULL,Yes,Mark Decker,Nik Gilliam
3/12/2019,32,3211,31,31-3211-9-9022,0,SMB,SFO,SMB,1,0,0,0,0,0,0,5,1,0,0,0,0,0,0,Under,Yes,SFO,1,1,0,0,0,0,0,0,31-3211-9-9022,9/28/2018,O,1,JJR,SFO,5,1,0,0,0,0,0,0,1,NULL,Yes,Mark Decker,Nik Gilliam
3/12/2019,32,3211,31,31-3211-9-9044,0,DEN,DEN,JJR,1,0,0,0,0,0,0,0,1,0,0,0,0,0,0,Under,Yes,SFO,3,1,1,0,0,0,0,1,31-3211-9-9044,11/28/2018,O,1,JJR,SFO,5,1,1,0,0,0,0,1,1,NULL,Yes,Mark Decker,Nik Gilliam
3/12/2019,32,3211,31,31-3211-9-9044,0,IAD,IAD,JJR,1,0,0,0,0,0,0,0,1,0,0,0,0,0,0,Under,Yes,SFO,3,1,1,0,0,0,0,1,31-3211-9-9044,11/26/2018,O,1,JJR,SFO,5,1,1,0,0,0,0,1,1,NULL,Yes,Mark Decker,Nik Gilliam
3/12/2019,32,3211,31,31-3211-9-9044,0,ORT,ORD,JJR,1,0,0,0,0,0,0,10,1,0,0,0,0,0,0,Under,Yes,SFO,3,1,1,0,0,0,0,1,31-3211-9-9044,11/26/2018,O,1,JJR,SFO,5,1,1,0,0,0,0,1,1,NULL,Yes,Mark Decker,Nik Gilliam
3/12/2019,32,3221,31,31-3221-9-9020,0,DEN,DEN,ORJ,1,0,0,0,0,0,0,1,1,0,0,0,0,0,0,Under,Yes,ORD,1,1,1,0,0,0,0,0,31-3221-9-9020,12/16/2018,O,1,ORJ,ORD,2,1,1,0,0,0,0,0,1,NULL,Yes,Mark Decker,Nik Gilliam
3/12/2019,32,3221,31,31-3221-9-9020,0,EWR,EWR,ORJ,1,0,0,0,0,0,0,1,1,0,0,0,0,0,0,Under,Yes,ORD,1,1,1,0,0,0,0,0,31-3221-9-9020,1/28/2019,O,1,ORJ,ORD,2,1,1,0,0,0,0,0,1,NULL,Yes,Mark Decker,Nik Gilliam
3/12/2019,32,3221,31,31-3221-9-9020,0,SMB,SFO,ORJ,1,0,0,0,0,0,0,2,1,0,0,0,0,0,0,Under,Yes,ORD,1,1,1,0,0,0,0,0,31-3221-9-9020,1/9/2019,O,1,ORJ,ORD,2,1,1,0,0,0,0,0,1,NULL,Yes,Mark Decker,Nik Gilliam
3/12/2019,32,3230,31,31-3230-9-0002,0,DEN,DEN,DEN,1,0,0,0,0,0,0,1,1,0,0,0,0,0,0,Under,Yes,DEN,1,1,0,0,0,0,0,0,31-3230-9-0002,2/10/2019,O,1,SMB,SFO,1,1,2,0,0,0,0,2,1,NULL,No,Mark Decker,Nik Gilliam
3/12/2019,32,3231,31,31-3231-9-9002,1,ORD,ORD,JJR,1,0,0,0,0,0,0,3,1,0,0,0,0,0,0,Under,Yes,SFO,5,1,2,0,0,0,0,0,31-3231-9-9002,3/9/2019,O,1,SMB,SFO,1,1,2,0,0,0,0,0,1,NULL,No,Mark Decker,Nik Gilliam
3/12/2019,32,3232,31,31-3232-9-0001,1,DEN,DEN,ORJ,1,0,0,0,0,0,0,0,1,0,0,0,0,0,0,Under,Yes,ORD,1,1,0,0,0,0,0,0,31-3232-9-0001,12/22/2018,O,1,ORJ,ORD,2,1,0,0,0,0,0,0,1,NULL,Yes,Mark Decker,Nik Gilliam
3/12/2019,32,3232,31,31-3232-9-0001,1,ORT,ORD,ORJ,1,0,0,0,0,0,0,2,1,0,0,0,0,0,0,Under,Yes,ORD,1,1,0,0,0,0,0,0,31-3232-9-0001,2/23/2019,O,1,ORJ,ORD,2,1,0,0,0,0,0,0,1,NULL,No,Mark Decker,Nik Gilliam
3/12/2019,32,3244,31,31-3244-9-9001,1,MOR,IAH,ORJ,1,0,0,0,0,0,0,1,1,0,0,0,0,0,0,Under,Yes,ORD,5,1,1,0,0,0,0,0,31-3244-9-9001,3/6/2019,O,1,ORJ,ORD,6,1,1,0,0,0,0,0,1,NULL,No,Mark Decker,Nik Gilliam
3/12/2019,32,3244,31,31-3244-9-9001,1,SMB,SFO,ORJ,1,0,0,0,0,0,0,1,2,1,0,0,0,0,0,Under,Yes,ORD,5,1,1,0,0,0,0,0,31-3244-9-9001,3/8/2019,O,1,ORJ,ORD,6,1,1,0,0,0,0,0,1,NULL,No,Mark Decker,Nik Gilliam
3/12/2019,32,3244,31,31-3244-9-9005,1,DEN,DEN,ORJ,1,0,0,0,0,0,0,1,1,0,0,0,0,0,0,Under,Yes,ORD,3,1,1,0,0,0,0,0,31-3244-9-9005,2/19/2019,O,1,ORJ,ORD,4,1,1,0,0,0,0,0,1,NULL,No,Mark Decker,Nik Gilliam
3/12/2019,32,3244,31,31-3244-9-9005,1,IAD,IAD,ORJ,1,0,0,0,0,0,0,1,1,0,0,0,0,0,0,Under,Yes,ORD,3,1,1,0,0,0,0,0,31-3244-9-9005,2/10/2019,O,1,ORJ,ORD,4,1,1,0,0,0,0,0,1,NULL,No,Mark Decker,Nik Gilliam
3/12/2019,32,3244,31,31-3244-9-9005,1,MOR,IAH,ORJ,1,0,0,0,0,0,0,1,1,0,0,0,0,0,0,Under,Yes,ORD,3,1,1,0,0,0,0,0,31-3244-9-9005,1/15/2019,O,1,ORJ,ORD,4,1,1,0,0,0,0,0,1,NULL,Yes,Mark Decker,Nik Gilliam
3/12/2019,32,3244,31,31-3244-9-9005,1,SMB,SFO,ORJ,1,0,0,0,0,0,0,2,1,0,0,0,0,0,0,Under,Yes,ORD,3,1,1,0,0,0,0,0,31-3244-9-9005,1/10/2019,O,1,ORJ,ORD,4,1,1,0,0,0,0,0,1,NULL,Yes,Mark Decker,Nik Gilliam
3/12/2019,32,3245,31,31-3245-9-0002,2,DEN,DEN,JJR,1,0,0,0,0,0,0,1,1,0,0,0,0,0,0,Under,Yes,SFO,9,1,1,0,0,0,0,0,31-3245-9-0002,2/24/2019,O,1,MOR,IAH,0,1,0,1,0,0,1,0,1,NULL,No,Mark Decker,Nik Gilliam
3/12/2019,32,3245,31,31-3245-9-0002,2,EWR,EWR,JJR,1,0,0,0,0,0,0,1,1,0,0,0,0,0,0,Under,Yes,SFO,9,1,1,0,0,0,0,0,31-3245-9-0002,3/7/2019,O,1,JJR,SFO,11,1,1,0,0,0,0,0,1,Flip,No,Mark Decker,Nik Gilliam
3/12/2019,32,3245,31,31-3245-9-0002,2,LGA,LINE,JJR,1,0,0,0,0,0,0,0,0,0,0,0,0,0,0,Under,Yes,SFO,9,1,1,0,0,0,0,0,31-3245-9-0002,3/3/2019,O,1,JJR,SFO,11,1,1,0,0,0,0,0,0,Flip,No,Mark Decker,Nik Gilliam
3/12/2019,32,3245,31,31-3245-9-0002,2,ORT,ORD,JJR,1,0,0,0,0,0,0,5,1,0,0,0,0,0,0,Under,Yes,SFO,9,1,1,0,0,0,0,0,31-3245-9-0002,3/10/2019,O,1,PDX,NULL,0,0,1,0,0,0,0,0,1,NULL,No,Mark Decker,Nik Gilliam
3/12/2019,32,3252,31,31-3252-9-0001,1,DEN,DEN,JJR,1,0,0,0,0,0,0,1,1,0,0,0,0,0,0,Under,Yes,SFO,3,1,1,0,0,0,0,1,31-3252-9-0001,3/9/2019,O,1,JJR,SFO,5,1,1,0,0,0,0,1,1,NULL,No,Mark Decker,Nik Gilliam
3/12/2019,32,3252,31,31-3252-9-0001,1,MOR,IAH,JJR,1,0,0,0,0,0,0,1,1,0,0,0,0,0,0,Under,Yes,SFO,3,1,1,0,0,0,0,1,31-3252-9-0001,2/10/2019,O,1,JJR,SFO,5,1,1,0,0,0,0,1,1,NULL,No,Mark Decker,Nik Gilliam
3/12/2019,32,3252,31,31-3252-9-9001,1,MOR,IAH,ORJ,1,0,0,0,0,0,0,1,1,0,0,0,0,0,0,Under,Yes,ORD,9,1,0,1,0,0,0,0,31-3252-9-9001,2/28/2019,O,1,ORJ,ORD,10,1,0,1,0,0,0,0,1,NULL,No,Mark Decker,Nik Gilliam
3/12/2019,32,3252,31,31-3252-9-9001,1,SEA,LINE,ORJ,1,0,0,0,0,0,0,0,0,0,0,0,0,0,0,Under,Yes,ORD,9,1,0,1,0,0,0,0,31-3252-9-9001,2/15/2019,O,1,ORJ,ORD,10,1,0,1,0,0,0,0,0,NULL,No,Mark Decker,Nik Gilliam
3/12/2019,33,3341,31,31-3341-9-9001,1,DEN,DEN,ORJ,1,0,0,0,0,0,0,1,1,0,0,0,0,0,0,Under,Yes,ORD,14,1,0,0,0,0,1,0,31-3341-9-9001,3/8/2019,O,1,IAD,IAD,1,1,2,0,0,0,0,0,1,NULL,No,Mark Decker,Shannon Lepore
3/12/2019,33,3341,31,31-3341-9-9001,1,DFW,LINE,ORJ,1,0,0,0,0,0,0,0,0,0,0,0,0,0,0,Under,Yes,ORD,14,1,0,0,0,0,1,0,31-3341-9-9001,3/9/2019,O,1,ORJ,ORD,15,1,0,0,0,0,1,0,0,Flip,No,Mark Decker,Shannon Lepore
3/12/2019,33,3341,31,31-3341-9-9001,1,LGA,LINE,ORJ,1,0,0,0,0,0,0,0,0,0,0,0,0,0,0,Under,Yes,ORD,14,1,0,0,0,0,1,0,31-3341-9-9001,3/1/2019,O,1,ORJ,ORD,15,1,0,0,0,0,1,0,0,Flip,No,Mark Decker,Shannon Lepore
3/12/2019,33,3341,31,31-3341-9-9001,1,MEX,LINE,ORJ,1,0,0,0,0,0,0,0,0,0,0,0,0,0,0,Under,Yes,ORD,14,1,0,0,0,0,1,0,31-3341-9-9001,3/7/2019,O,1,ORJ,ORD,15,1,0,0,0,0,1,0,0,Flip,No,Mark Decker,Shannon Lepore
3/12/2019,33,3341,31,31-3341-9-9001,1,MSY,LINE,ORJ,1,0,0,0,0,0,0,0,0,0,0,0,0,0,0,Under,Yes,ORD,14,1,0,0,0,0,1,0,31-3341-9-9001,3/9/2019,O,1,ORJ,ORD,15,1,0,0,0,0,1,0,0,Flip,No,Mark Decker,Shannon Lepore
3/12/2019,33,3341,31,31-3341-9-9001,1,PDX,LINE,ORJ,1,0,0,0,0,0,0,0,0,0,0,0,0,0,0,Under,Yes,ORD,14,1,0,0,0,0,1,0,NULL,NULL,NULL,NULL,NULL,NULL,0,0,0,0,0,0,0,0,0,Create SO,N/A,Mark Decker,Shannon Lepore
3/12/2019,33,3341,31,31-3341-9-9001,1,SEA,LINE,ORJ,1,0,0,0,0,0,0,0,0,0,0,0,0,0,0,Under,Yes,ORD,14,1,0,0,0,0,1,0,31-3341-9-9001,3/6/2019,O,1,ORJ,ORD,15,1,0,0,0,0,1,0,0,Flip,No,Mark Decker,Shannon Lepore
3/12/2019,33,3341,31,31-3341-9-9001,1,SMB,SFO,ORJ,1,0,0,0,0,0,0,2,1,0,0,0,0,0,0,Under,Yes,ORD,14,1,0,0,0,0,1,0,31-3341-9-9001,3/3/2019,O,1,ORJ,ORD,15,1,0,0,0,0,1,0,2,Flip,No,Mark Decker,Shannon Lepore
3/12/2019,33,3342,31,31-3342-9-9001,2,MEX,LINE,JJR,1,0,0,0,0,0,0,0,0,0,0,0,0,0,0,Under,Yes,SFO,4,1,1,0,0,0,0,0,31-3342-9-9001,3/6/2019,O,1,JJR,SFO,6,1,1,0,0,0,0,0,0,NULL,No,Mark Decker,Shannon Lepore
3/12/2019,33,3342,31,31-3342-9-9001,2,MOR,IAH,JJR,1,0,0,0,0,0,0,1,1,0,0,0,0,0,0,Under,Yes,SFO,4,1,1,0,0,0,0,0,31-3342-9-9001,2/27/2019,O,1,JJR,SFO,6,1,1,0,0,0,0,0,1,NULL,No,Mark Decker,Shannon Lepore
3/12/2019,33,3342,31,31-3342-9-9001,2,ORT,ORD,JJR,1,0,0,0,0,0,0,3,1,0,0,0,0,0,0,Under,Yes,SFO,4,1,1,0,0,0,0,0,31-3342-9-9001,3/10/2019,O,1,JJR,SFO,6,1,1,0,0,0,0,0,1,NULL,No,Mark Decker,Shannon Lepore
3/12/2019,33,3342,31,31-3342-9-9001,2,SEA,LINE,JJR,1,0,0,0,0,0,0,0,0,0,0,0,0,0,0,Under,Yes,SFO,4,1,1,0,0,0,0,0,31-3342-9-9001,3/6/2019,O,1,JJR,SFO,6,1,1,0,0,0,0,0,0,NULL,No,Mark Decker,Shannon Lepore
3/12/2019,33,3343,31,31-3343-9-9001,2,MOR,IAH,ORJ,1,0,0,0,0,0,0,1,1,0,0,0,0,0,0,Under,Yes,ORD,5,0,1,0,0,0,0,0,31-3343-9-9001,3/4/2019,O,1,SEA,NULL,0,1,2,0,0,0,0,0,1,NULL,No,Mark Decker,Shannon Lepore
3/12/2019,34,3411,31,31-3411-9-0003,0,DEN,DEN,ORJ,1,0,0,0,0,0,0,1,1,0,0,0,0,0,0,Under,Yes,ORD,3,1,0,0,0,0,0,0,31-3411-9-0003,2/7/2019,O,1,ORJ,ORD,4,1,0,0,0,0,0,0,1,NULL,Yes,Mark Decker,Ryan Thompson
3/12/2019,34,3411,31,31-3411-9-0003,0,ORD,ORD,ORJ,1,0,0,0,0,0,0,4,1,0,0,0,0,0,0,Under,Yes,ORD,3,1,0,0,0,0,0,0,31-3411-9-0003,2/4/2019,O,1,ORJ,ORD,4,1,0,0,0,0,0,0,1,NULL,Yes,Mark Decker,Ryan Thompson
3/12/2019,34,3411,31,31-3411-9-0003,0,PDX,LINE,ORJ,1,0,0,0,0,0,0,0,0,0,0,0,0,0,0,Under,Yes,ORD,3,1,0,0,0,0,0,0,NULL,NULL,NULL,NULL,NULL,NULL,0,0,0,0,0,0,0,0,0,Create SO,N/A,Mark Decker,Ryan Thompson
3/12/2019,34,3411,31,31-3411-9-0003,0,SMB,SFO,ORJ,1,0,0,0,0,0,0,1,1,0,0,0,0,0,0,Under,Yes,ORD,3,1,0,0,0,0,0,0,31-3411-9-0003,2/7/2019,O,1,ORJ,ORD,4,1,0,0,0,0,0,0,1,NULL,Yes,Mark Decker,Ryan Thompson
3/12/2019,34,3417,31,31-3417-9-0001,1,ORD,ORD,ORJ,1,0,0,0,0,0,0,11,1,0,0,0,0,0,0,Under,Yes,ORD,10,1,0,0,0,0,0,0,NULL,NULL,NULL,NULL,NULL,NULL,0,0,0,0,0,0,0,0,0,Create SO,N/A,Mark Decker,Ryan Thompson
3/12/2019,34,3417,31,31-3417-9-0001,1,SMB,SFO,ORJ,1,0,0,0,0,0,0,2,1,0,0,0,0,0,0,Under,Yes,ORD,10,1,0,0,0,0,0,0,31-3417-9-0001,3/6/2019,O,1,ORJ,ORD,11,1,0,0,0,0,0,0,1,NULL,No,Mark Decker,Ryan Thompson
3/12/2019,34,3417,31,31-3417-9-0003,1,ORD,ORD,ORJ,1,0,0,0,0,0,0,2,1,0,0,0,0,0,0,Under,Yes,ORD,1,1,0,0,0,0,0,0,31-3417-9-0003,2/24/2019,O,1,ORJ,ORD,2,1,0,0,0,0,0,0,1,NULL,No,Mark Decker,Ryan Thompson
3/12/2019,34,3423,31,31-3423-9-9001,1,MEX,LINE,ORJ,1,0,0,0,0,0,0,0,0,0,0,0,0,0,0,Under,Yes,ORD,3,0,2,0,0,0,0,0,31-3423-9-9001,3/7/2019,O,1,ORJ,ORD,4,1,3,0,0,0,0,0,0,Flip,No,Mark Decker,Ryan Thompson
3/12/2019,34,3431,31,31-3431-9-0001,2,EWR,EWR,JJR,1,0,0,0,0,0,0,1,1,0,0,0,0,0,0,Under,Yes,SFO,5,1,2,0,0,0,0,0,31-3431-9-0001,2/6/2019,O,1,JJR,SFO,7,1,2,0,0,0,0,0,1,Flip,Yes,Mark Decker,Ryan Thompson
3/12/2019,34,3431,31,31-3431-9-0001,2,ORT,ORD,JJR,1,0,0,0,0,0,0,3,1,0,0,0,0,0,0,Under,Yes,SFO,5,1,2,0,0,0,0,0,31-3431-9-0001,2/9/2019,O,1,SMB,SFO,1,1,2,0,0,0,0,0,1,NULL,Yes,Mark Decker,Ryan Thompson
3/12/2019,34,3431,31,31-3431-9-0001,2,PDX,LINE,JJR,1,0,0,0,0,0,0,0,0,0,0,0,0,0,0,Under,Yes,SFO,5,1,2,0,0,0,0,0,NULL,NULL,NULL,NULL,NULL,NULL,0,0,0,0,0,0,0,0,0,Create SO,N/A,Mark Decker,Ryan Thompson
3/12/2019,34,3431,31,31-3431-9-0001,2,PHX,LINE,JJR,1,0,0,0,0,0,0,0,0,0,0,0,0,0,0,Under,Yes,SFO,5,1,2,0,0,0,0,0,31-3431-9-0001,12/13/2018,O,1,JJR,SFO,7,1,2,0,0,0,0,0,0,Flip,Yes,Mark Decker,Ryan Thompson
3/12/2019,34,3431,31,31-3431-9-0001,2,SEA,LINE,JJR,1,0,0,0,0,0,0,0,0,0,0,0,0,0,0,Under,Yes,SFO,5,1,2,0,0,0,0,0,31-3431-9-0001,8/20/2018,O,1,JJR,SFO,7,1,2,0,0,0,0,0,0,Flip,Yes,Mark Decker,Ryan Thompson
3/12/2019,34,3431,31,31-3431-9-0002,2,DEN,DEN,ORJ,1,0,0,0,0,0,0,1,1,0,0,0,0,0,0,Under,Yes,ORD,3,1,0,0,0,0,0,0,31-3431-9-0002,2/27/2019,O,1,ORJ,ORD,4,1,0,0,0,0,0,0,1,NULL,No,Mark Decker,Ryan Thompson
3/12/2019,34,3431,31,31-3431-9-0002,2,MOR,IAH,ORJ,1,0,0,0,0,0,0,1,1,0,0,0,0,0,0,Under,Yes,ORD,3,1,0,0,0,0,0,0,31-3431-9-0002,2/26/2019,O,1,ORJ,ORD,4,1,0,0,0,0,0,0,1,NULL,No,Mark Decker,Ryan Thompson
3/12/2019,34,3431,31,31-3431-9-0002,2,ORT,ORD,ORJ,1,0,0,0,0,0,0,4,1,0,0,0,0,0,0,Under,Yes,ORD,3,1,0,0,0,0,0,0,31-3431-9-0002,2/14/2019,O,1,ORJ,ORD,4,1,0,0,0,0,0,0,1,NULL,No,Mark Decker,Ryan Thompson
3/12/2019,34,3431,31,31-3431-9-0002,2,SMB,SFO,ORJ,1,0,0,0,0,0,0,2,1,0,0,0,0,0,0,Under,Yes,ORD,3,1,0,0,0,0,0,0,31-3431-9-0002,2/9/2019,O,1,ORJ,ORD,4,1,0,0,0,0,0,0,1,NULL,Yes,Mark Decker,Ryan Thompson
3/12/2019,34,3436,31,31-3436-9-0001,1,ORD,ORD,ORJ,1,0,0,0,0,0,0,3,1,0,0,0,0,0,0,Under,Yes,ORD,2,1,0,0,0,0,0,0,31-3436-9-0001,2/21/2019,O,1,IAH,IAH,0,0,1,0,0,0,0,0,1,NULL,No,Mark Decker,Ryan Thompson
3/12/2019,34,3443,31,31-3443-9-0001,2,DEN,DEN,ORJ,1,0,0,0,0,0,0,1,1,0,0,0,0,0,0,Under,Yes,ORD,2,1,1,0,0,0,0,0,31-3443-9-0001,2/24/2019,O,1,ORJ,ORD,3,1,1,0,0,0,0,0,1,NULL,No,Mark Decker,Ryan Thompson
3/12/2019,34,3443,31,31-3443-9-0001,2,IAH,IAH,ORJ,1,0,0,0,0,0,0,1,1,0,0,0,0,0,0,Under,Yes,ORD,2,1,1,0,0,0,0,0,31-3443-9-0001,9/18/2018,O,1,ORJ,ORD,3,1,1,0,0,0,0,0,1,NULL,Yes,Mark Decker,Ryan Thompson
3/12/2019,35,3515,31,31-3515-9-9001,2,ORD,ORD,JJR,1,0,0,0,0,0,0,2,1,0,0,0,0,0,0,Under,Yes,SFO,10,1,2,0,0,0,0,0,31-3515-9-9001,3/10/2019,O,1,JJR,SFO,12,1,2,0,0,0,0,0,1,Flip,No,Robert Aten,Robert Aten
3/12/2019,35,3521,31,31-3521-9-9001,1,EWR,EWR,JJR,1,0,0,0,0,0,0,2,1,0,0,0,0,0,0,Under,Yes,SFO,6,10,14,0,0,0,0,1,31-3521-9-9001,2/14/2019,O,1,IAD,IAD,1,1,3,0,0,0,0,0,1,NULL,No,Robert Aten,Robert Aten
3/12/2019,36,3600,31,31-3600-9-0002,0,DEN,DEN,JJR,1,0,0,0,0,0,0,0,1,0,0,0,0,0,0,Under,Yes,SFO,1,0,0,0,0,0,0,0,31-3600-9-0002,3/7/2019,O,1,JJR,SFO,3,NULL,0,0,0,0,0,0,1,NULL,No,Mark Decker,Shannon Lepore
3/12/2019,36,3600,31,31-3600-9-0002,0,MEX,LINE,JJR,1,0,0,0,0,0,0,0,0,0,0,0,0,0,0,Under,Yes,SFO,1,0,0,0,0,0,0,0,31-3600-9-0002,1/30/2019,O,1,JJR,SFO,3,NULL,0,0,0,0,0,0,0,NULL,Yes,Mark Decker,Shannon Lepore
3/12/2019,36,3600,31,31-3600-9-0002,0,MOR,IAH,JJR,1,0,0,0,0,0,0,0,1,0,0,0,0,0,0,Under,Yes,SFO,1,0,0,0,0,0,0,0,31-3600-9-0002,1/6/2019,O,1,JJR,SFO,3,NULL,0,0,0,0,0,0,1,NULL,Yes,Mark Decker,Shannon Lepore
3/12/2019,36,3600,31,31-3600-9-0002,0,SEA,LINE,JJR,1,0,0,0,0,0,0,0,0,0,0,0,0,0,0,Under,Yes,SFO,1,0,0,0,0,0,0,0,31-3600-9-0002,1/30/2019,O,1,JJR,SFO,3,NULL,0,0,0,0,0,0,0,NULL,Yes,Mark Decker,Shannon Lepore
3/12/2019,36,3612,31,31-3612-9-9001,2,DEN,DEN,DEN,1,0,0,0,0,0,0,1,1,0,0,0,0,0,0,Under,Yes,DEN,1,1,0,0,0,0,0,0,NULL,NULL,NULL,NULL,NULL,NULL,0,0,0,0,0,0,0,0,0,Create SO,N/A,Mark Decker,Shannon Lepore
3/12/2019,36,3612,31,31-3612-9-9001,2,SFO,SFO,ORJ,1,0,0,0,0,0,0,1,1,0,0,0,0,0,0,Under,Yes,ORD,3,1,1,0,0,0,0,0,31-3612-9-9001,1/19/2019,O,1,ORJ,ORD,4,1,1,0,0,0,0,0,1,NULL,Yes,Mark Decker,Shannon Lepore
3/12/2019,36,3612,31,31-3612-9-9005,1,PDX,LINE,HDW,1,0,0,0,0,0,0,0,0,0,0,0,0,0,0,Under,Yes,IAH,22,2,1,0,0,0,0,0,31-3612-9-9005,3/10/2019,O,1,HDW,IAH,23,2,1,0,0,0,0,0,0,Flip,No,Mark Decker,Shannon Lepore
3/12/2019,36,3614,31,31-3614-9-9001,1,DEN,DEN,JJR,1,0,0,0,0,0,0,0,1,0,0,0,0,0,0,Under,Yes,SFO,1,1,0,0,0,0,1,0,31-3614-9-9001,2/7/2019,O,1,JJR,SFO,3,1,0,0,0,0,1,0,1,NULL,Yes,Mark Decker,Shannon Lepore
3/12/2019,36,3614,31,31-3614-9-9001,1,MOR,IAH,JJR,1,0,0,0,0,0,0,1,1,0,0,0,0,0,0,Under,Yes,SFO,1,1,0,0,0,0,1,0,31-3614-9-9001,12/27/2018,O,1,JJR,SFO,3,1,0,0,0,0,1,0,1,NULL,Yes,Mark Decker,Shannon Lepore
3/12/2019,36,3614,31,31-3614-9-9001,1,ORT,ORD,JJR,1,0,0,0,0,0,0,6,1,0,0,0,0,0,0,Under,Yes,SFO,1,1,0,0,0,0,1,0,31-3614-9-9001,12/4/2018,O,1,JJR,SFO,3,1,0,0,0,0,1,0,1,NULL,Yes,Mark Decker,Shannon Lepore
3/12/2019,36,3614,31,31-3614-9-9001,1,PDX,LINE,JJR,1,0,0,0,0,0,0,0,0,0,0,0,0,0,0,Under,Yes,SFO,1,1,0,0,0,0,1,0,NULL,NULL,NULL,NULL,NULL,NULL,0,0,0,0,0,0,0,0,0,Create SO,N/A,Mark Decker,Shannon Lepore
3/12/2019,36,3614,31,31-3614-9-9001,1,SEA,LINE,JJR,1,0,0,0,0,0,0,0,0,0,0,0,0,0,0,Under,Yes,SFO,1,1,0,0,0,0,1,0,31-3614-9-9001,2/27/2019,O,1,JJR,SFO,3,1,0,0,0,0,1,0,0,NULL,No,Mark Decker,Shannon Lepore
3/12/2019,36,3615,31,31-3615-9-9001,1,PDX,LINE,JJR,1,0,0,0,0,0,0,0,0,0,0,0,0,0,0,Under,Yes,SFO,10,1,13,0,0,0,0,0,31-3615-9-9001,3/10/2019,O,1,SMB,SFO,1,1,10,0,0,0,0,0,0,NULL,No,Mark Decker,Shannon Lepore
3/12/2019,38,3813,31,31-3813-9-9001,0,SMB,SFO,ORJ,1,0,0,0,0,0,0,1,1,0,0,0,0,0,0,Under,Yes,ORD,4,1,1,0,0,0,0,0,31-3813-9-9001,3/3/2019,O,1,ORJ,ORD,5,1,1,0,0,0,0,0,1,NULL,No,Matthew Papes,Cindy Ortega
3/12/2019,38,3831,31,31-3831-9-0001,0,IAD,IAD,ORJ,1,0,0,0,0,0,0,1,1,0,0,0,0,0,0,Under,Yes,ORD,4,1,0,0,0,0,0,0,31-3831-9-0001,1/22/2019,O,1,ORJ,ORD,5,1,0,0,0,0,0,0,1,NULL,Yes,Matthew Papes,Cindy Ortega
3/12/2019,38,3831,31,31-3831-9-0001,0,ORD,ORD,ORJ,1,0,0,0,0,0,0,5,1,0,0,0,0,0,0,Under,Yes,ORD,4,1,0,0,0,0,0,0,31-3831-9-0001,2/24/2019,O,1,ORJ,ORD,5,1,0,0,0,0,0,0,1,NULL,No,Matthew Papes,Cindy Ortega
3/12/2019,38,3831,31,31-3831-9-0001,0,SMB,SFO,ORJ,1,0,0,0,0,0,0,2,2,1,0,0,0,0,0,Under,Yes,ORD,4,1,0,0,0,0,0,0,31-3831-9-0001,2/28/2019,O,1,ORJ,ORD,5,1,0,0,0,0,0,0,1,NULL,No,Matthew Papes,Cindy Ortega
3/12/2019,38,3832,31,31-3832-9-0001,3,EWR,EWR,ORJ,1,0,0,0,0,0,0,1,1,0,0,0,0,0,0,Under,Yes,ORD,10,0,2,0,1,0,0,0,31-3832-9-0001,3/11/2019,O,1,ORJ,ORD,11,1,3,0,0,1,0,0,1,Flip,No,Matthew Papes,Cindy Ortega
3/12/2019,38,3832,31,31-3832-9-0002,3,EWR,EWR,ORJ,1,0,0,0,0,0,0,1,1,0,0,0,0,0,0,Under,Yes,ORD,7,1,0,0,0,0,0,0,31-3832-9-0002,3/6/2019,O,1,ORJ,ORD,8,1,0,0,0,0,0,0,1,NULL,No,Matthew Papes,Cindy Ortega
3/12/2019,38,3832,31,31-3832-9-0002,3,MOR,IAH,ORJ,1,0,0,0,0,0,0,1,1,0,0,0,0,0,0,Under,Yes,ORD,7,1,0,0,0,0,0,0,31-3832-9-0002,3/9/2019,O,1,ORJ,ORD,8,1,0,0,0,0,0,0,1,NULL,No,Matthew Papes,Cindy Ortega
3/12/2019,38,3832,31,31-3832-9-0002,3,ORD,ORD,ORJ,1,0,0,0,0,0,0,8,1,0,0,0,0,0,0,Under,Yes,ORD,7,1,0,0,0,0,0,0,31-3832-9-0002,3/8/2019,O,1,ORJ,ORD,8,1,0,0,0,0,0,0,1,NULL,No,Matthew Papes,Cindy Ortega
3/12/2019,41,4110,31,31-4110-9-0001,2,EWR,EWR,ORJ,1,0,0,0,0,0,0,1,1,0,0,0,0,0,0,Under,Yes,ORD,3,1,1,0,0,0,0,0,31-4110-9-0001,2/23/2019,O,1,ORJ,ORD,4,1,1,0,0,0,0,0,1,NULL,No,Robert Aten,Mahendra Shah
3/12/2019,41,4110,31,31-4110-9-0001,2,MOR,IAH,ORJ,1,0,0,0,0,0,0,1,1,0,0,0,0,0,0,Under,Yes,ORD,3,1,1,0,0,0,0,0,31-4110-9-0001,1/5/2019,O,1,ORJ,ORD,4,1,1,0,0,0,0,0,1,NULL,Yes,Robert Aten,Mahendra Shah
3/12/2019,41,4110,31,31-4110-9-0001,2,SMB,SFO,ORJ,2,0,0,0,0,0,0,2,2,0,0,0,0,0,0,Under,Yes,ORD,3,1,1,0,0,0,0,0,31-4110-9-0001,2/10/2019,O,1,ORJ,ORD,4,1,1,0,0,0,0,0,2,NULL,No,Robert Aten,Mahendra Shah
3/12/2019,41,4112,31,31-4112-9-9001,1,ORT,ORD,JJR,1,0,0,0,0,0,0,4,1,0,0,0,0,0,0,Under,Yes,SFO,6,2,5,0,0,0,0,1,31-4112-9-9001,3/9/2019,O,1,SMB,SFO,1,2,5,0,0,0,0,1,1,NULL,No,Robert Aten,Mahendra Shah
3/12/2019,42,4226,31,31-4226-9-0002,1,EWR,EWR,JJR,1,0,0,0,0,0,0,1,1,0,0,0,0,0,0,Under,Yes,SFO,14,1,7,0,0,0,0,0,31-4226-9-0002,3/10/2019,O,1,SMB,SFO,1,1,6,0,0,0,0,0,1,NULL,No,Matthew Papes,Aaron Paul
3/12/2019,45,4545,31,31-4545-9-0001,2,LGA,LINE,ORJ,1,0,0,0,0,0,0,0,0,0,0,0,0,0,0,Under,Yes,ORD,13,1,1,0,0,0,4,0,31-4545-9-0001,2/10/2019,O,1,ORD,ORD,1,1,1,0,0,0,4,0,0,NULL,No,Matthew Papes,Kim Williams
3/12/2019,46,4621,31,31-4621-9-0001,2,IAD,IAD,JJR,1,0,0,0,0,0,0,1,1,0,0,0,0,0,0,Under,Yes,SFO,10,2,2,0,0,0,0,0,31-4621-9-0001,3/7/2019,O,1,ORD,ORD,1,1,2,0,0,0,0,0,1,NULL,No,Matthew Papes,Kim Williams
3/12/2019,47,4710,31,31-4710-9-9003,0,IAD,IAD,JJR,1,0,0,0,0,0,0,0,1,0,0,0,0,0,0,Under,Yes,SFO,0,1,0,0,0,0,0,0,NULL,NULL,NULL,NULL,NULL,NULL,0,0,0,0,0,0,0,0,0,Create SO,N/A,Robert Aten,Karl Rathkamp
3/12/2019,47,4710,31,31-4710-9-9003,0,MOR,IAH,JJR,2,0,0,0,0,0,0,0,2,0,0,0,0,0,0,Under,Yes,SFO,0,1,0,0,0,0,0,0,31-4710-9-9003,2/27/2019,O,1,JJR,SFO,0,1,0,0,0,0,0,0,1,NULL,No,Robert Aten,Karl Rathkamp
3/12/2019,47,4710,31,31-4710-9-9003,0,SMB,SFO,SMB,1,0,0,0,0,0,0,0,1,0,0,0,0,0,0,Under,Yes,SFO,0,1,0,0,0,0,0,0,31-4710-9-9003,3/3/2019,O,1,JJR,SFO,0,1,0,0,0,0,0,0,1,NULL,No,Robert Aten,Karl Rathkamp
3/12/2019,49,4917,31,31-4917-9-0001,2,DEN,DEN,ORJ,1,0,0,0,0,0,0,1,1,0,0,0,0,0,0,Under,Yes,ORD,3,1,1,0,0,0,0,0,31-4917-9-0001,2/27/2019,O,1,ORJ,ORD,4,1,1,0,0,0,0,0,1,NULL,No,Lance Longbein,Debbie Baker
3/12/2019,49,4932,31,31-4932-9-9001,2,PDX,LINE,JJR,1,0,0,0,0,0,0,0,0,0,0,0,0,0,0,Under,Yes,SFO,13,2,3,0,0,0,0,1,31-4932-9-9001,3/11/2019,O,1,JJR,SFO,15,2,3,0,0,0,0,1,0,Flip,No,Lance Longbein,Debbie Baker
3/12/2019,49,4961,31,31-4961-9-0001,0,PDX,LINE,JJR,1,0,0,0,0,0,0,0,0,0,0,0,0,0,0,Under,Yes,SFO,5,1,0,1,0,0,0,0,31-4961-9-0001,3/11/2019,O,1,JJR,SFO,7,1,0,1,0,0,0,0,0,Flip,No,Lance Longbein,Debbie Baker
,,,,,,,,,,,,,,,,,,,,,,,,,,,,,,,,,,,,,,,,,,,,,,,,,,,,,
,,,,,,,,,,,,,,,,,,,,,,,,,,,,,,,,,,,,,,,,,,,,,,,,,,,,,
,,,,,,,,,,,,,,,,,,,,,,,,,,,,,,,,,,,,,,,,,,,,,,,,,,,,,
,,,,,,,,,,,,,,,,,,,,,,,,,,,,,,,,,,,,,,,,,,,,,,,,,,,,,
,,,,,,,,,,,,,,,,,,,,,,,,,,,,,,,,,,,,,,,,,,,,,,,,,,,,,
,,,,,,,,,,,,,,,,,,,,,,,,,,,,,,,,,,,,,,,,,,,,,,,,,,,,,
,,,,,`,,,,,,,,,,,,,,,,,,,,,,,,,,,,,,,,,,,,,,,,,,,,,,,,
